date,fatigue_0_10,pain_0_10,spasticity_0_10,numbness_0_10,vision_0_10,balance_0_10,cognition_0_10,mood_0_10,bladder_0_10,heat_exposure_0_10,infection_flag,temperature_flag,notes
2026-01-27,2.3,2.6,2.6,1.4,1.0,3.0,2.7,2.2,1.0,1.0,0,0,
2026-01-28,3.4,2.3,2.0,0.0,1.4,1.2,1.9,1.1,0.6,1.9,0,0,
2026-01-29,1.6,3.0,2.8,2.6,0.7,0.9,2.5,0.5,2.8,2.7,0,0,
2026-01-30,4.4,0.8,3.2,1.9,0.6,0.0,2.2,2.2,2.1,0.0,0,0,
2026-01-31,2.9,4.0,2.2,1.0,1.1,1.7,1.7,2.6,2.1,3.0,0,0,
2026-02-01,3.3,1.0,3.1,2.1,0.0,1.4,2.2,1.2,2.7,0.8,0,0,
2026-02-02,5.3,2.7,0.0,1.4,1.5,0.4,2.7,2.5,4.3,2.3,0,0,
2026-02-03,4.5,0.3,3.6,1.5,1.0,2.5,1.7,2.6,0.0,2.2,0,0,
2026-02-04,2.7,1.1,2.4,2.6,1.0,1.6,1.7,0.3,0.8,3.1,0,0,
2026-02-05,2.4,3.5,3.1,0.7,2.0,0.9,1.1,1.6,0.9,2.6,0,0,
2026-02-06,2.7,1.7,0.8,3.0,0.0,1.4,2.9,2.9,0.6,0.0,0,0,
2026-02-07,3.5,2.8,1.2,0.6,0.0,3.1,3.0,2.9,0.4,1.2,0,0,
2026-02-08,2.9,2.2,2.1,1.3,1.3,2.6,2.7,1.3,1.2,2.1,0,0,
2026-02-09,2.6,1.9,2.0,3.9,1.0,1.9,3.5,2.7,0.3,1.8,0,0,
2026-02-10,4.5,3.4,2.3,3.1,1.2,2.6,2.6,3.5,1.8,2.5,0,0,
2026-02-11,2.9,1.8,3.1,2.1,0.5,0.8,2.9,3.3,1.6,2.8,0,0,
2026-02-12,5.3,0.2,0.2,1.1,1.7,2.0,2.8,2.4,2.0,2.6,0,0,
2026-02-13,3.1,1.2,3.0,1.5,1.9,2.1,2.4,2.0,2.0,1.8,0,0,
2026-02-14,4.8,2.6,2.0,2.1,1.5,1.5,2.0,1.9,2.1,0.2,0,0,
2026-02-15,3.4,2.4,1.8,2.0,0.7,2.4,4.7,3.0,1.1,1.5,0,0,
2026-02-16,4.0,0.4,0.5,1.9,0.0,1.2,2.0,2.7,3.6,2.4,0,0,
2026-02-17,2.3,1.3,2.5,2.0,1.8,2.5,1.8,3.1,1.7,0.9,0,0,
2026-02-18,2.1,1.4,0.0,1.8,2.2,2.6,2.9,2.6,0.0,2.6,0,0,
2026-02-19,3.5,1.6,2.6,0.6,1.6,0.0,2.8,3.3,0.5,2.9,0,0,
2026-02-20,4.0,0.6,0.5,1.5,0.1,3.2,1.1,2.6,0.0,2.1,0,0,
2026-02-21,3.0,1.4,2.1,2.9,1.7,0.0,3.6,3.3,1.5,0.0,0,0,
2026-02-22,1.7,1.3,1.9,0.6,1.9,1.4,2.4,3.4,1.4,0.7,0,0,
2026-02-23,1.6,2.8,3.2,1.8,2.6,3.0,1.4,1.7,1.0,3.9,0,0,
2026-02-24,1.6,2.8,1.8,1.2,0.1,1.7,3.7,0.7,3.5,1.5,0,0,
2026-02-25,1.2,1.9,1.3,2.1,0.8,0.5,3.1,4.0,2.0,0.0,0,0,
2026-02-26,3.1,1.6,1.5,1.6,1.7,0.9,1.2,2.8,2.2,3.2,0,0,
2026-02-27,4.1,2.1,3.3,3.5,1.1,3.0,4.3,0.8,0.6,2.0,0,0,
2026-02-28,3.0,1.2,2.5,2.5,0.0,0.1,3.2,1.8,0.5,3.1,0,0,
2026-03-01,0.7,0.9,1.6,0.7,1.4,3.1,2.5,3.3,1.5,2.3,0,0,
2026-03-02,2.8,1.1,1.8,2.7,1.6,1.9,4.1,2.2,1.7,2.5,0,0,
2026-03-03,2.8,1.4,0.4,1.2,1.1,0.8,2.7,2.0,0.0,2.4,0,0,
2026-03-04,5.1,0.8,2.4,1.4,1.2,1.4,2.5,3.9,1.3,2.7,0,0,
2026-03-05,1.5,2.2,0.2,2.3,0.7,1.0,1.8,1.5,1.5,4.3,0,0,
2026-03-06,2.6,2.7,2.8,1.5,2.5,2.9,3.1,1.7,1.3,3.0,0,0,
2026-03-07,4.7,0.4,2.1,2.9,0.1,2.7,3.0,2.7,0.7,0.4,0,0,
2026-03-08,3.4,2.0,4.4,1.2,0.4,0.3,2.5,2.9,1.0,2.4,0,0,
2026-03-09,3.6,1.8,0.9,1.4,1.0,1.6,1.7,3.0,1.3,3.1,0,0,
2026-03-10,3.1,2.3,1.9,1.3,1.9,1.1,2.6,3.4,1.6,3.2,0,0,
2026-03-11,3.3,2.0,3.8,1.4,0.0,3.3,2.4,2.7,2.1,1.6,0,0,
2026-03-12,3.8,0.5,3.2,3.1,0.0,0.6,1.2,3.0,2.6,3.2,0,0,
2026-03-13,2.2,0.7,1.3,2.6,0.0,3.6,1.0,2.2,1.2,2.9,0,0,
2026-03-14,3.9,2.0,2.2,3.7,1.0,2.0,3.1,2.6,1.0,4.6,0,0,
2026-03-15,1.6,3.0,2.0,4.3,0.0,0.8,0.0,2.6,1.9,1.2,0,0,
2026-03-16,3.3,0.0,2.3,1.0,0.6,1.3,2.7,2.7,2.1,1.5,0,0,
2026-03-17,3.2,2.3,1.3,2.1,1.7,1.2,2.0,3.3,1.1,1.7,0,0,
2026-03-18,2.4,3.2,1.9,0.8,0.4,0.7,3.8,3.1,2.3,1.5,0,0,
2026-03-19,3.0,1.8,0.4,1.2,1.2,2.1,2.0,2.5,2.5,1.1,0,0,
2026-03-20,2.4,2.6,2.1,1.4,0.7,0.8,3.2,1.7,2.8,0.0,0,0,
2026-03-21,1.9,1.3,2.5,0.9,1.7,0.0,2.1,2.6,3.3,1.6,0,0,
2026-03-22,2.6,1.9,1.8,0.9,1.5,1.6,2.6,2.5,0.6,2.4,0,0,
2026-03-23,1.9,0.4,0.4,1.9,0.3,0.2,3.2,2.7,1.5,1.5,0,0,
2026-03-24,3.3,0.0,3.0,0.8,0.8,1.2,2.0,4.7,1.5,3.9,0,0,
2026-03-25,1.8,2.9,2.4,2.8,2.0,1.1,3.5,2.0,1.4,2.0,0,0,
2026-03-26,3.7,1.0,1.3,1.1,1.4,1.1,1.5,2.9,0.9,3.3,0,0,
2026-03-27,1.8,1.5,1.7,4.8,0.0,4.0,2.8,3.6,0.0,2.3,0,0,
2026-03-28,2.4,0.6,0.5,1.5,1.7,2.1,3.4,2.6,1.6,2.8,0,0,
2026-03-29,2.4,0.6,1.0,2.1,0.0,2.2,3.2,4.8,0.7,2.3,0,0,
2026-03-30,4.3,1.8,1.5,0.7,2.4,0.2,4.4,2.1,1.6,3.4,0,0,
2026-03-31,3.3,1.3,3.2,3.7,2.0,1.3,1.7,2.8,0.7,2.1,0,0,
2026-04-01,2.8,2.4,1.4,3.1,1.3,2.2,1.1,1.7,0.4,2.5,0,0,
2026-04-02,3.5,2.5,2.6,2.3,1.2,1.0,1.5,2.1,1.7,2.4,0,0,
2026-04-03,0.9,2.3,1.5,0.7,0.8,2.9,3.2,2.7,1.7,1.7,0,0,
2026-04-04,3.0,2.2,2.2,2.2,1.7,0.8,3.0,3.3,2.1,2.4,0,0,
2026-04-05,5.0,3.6,1.9,0.9,0.6,1.7,2.6,2.8,3.7,4.2,0,0,
2026-04-06,3.1,0.9,2.9,3.5,1.2,1.4,1.4,3.8,1.8,1.7,0,0,
2026-04-07,3.1,1.9,1.5,2.8,1.9,2.2,3.3,2.4,2.0,2.4,0,0,
2026-04-08,3.5,3.1,0.4,2.1,0.4,1.4,1.3,2.2,0.4,3.3,0,0,
2026-04-09,3.9,3.3,0.6,0.0,0.4,1.7,3.7,5.2,0.2,3.1,0,0,
2026-04-10,1.0,0.6,1.5,1.0,0.0,1.8,5.4,2.9,3.1,2.0,0,0,
2026-04-11,1.3,1.7,0.8,2.7,0.0,1.3,2.9,1.8,0.6,0.0,0,0,
2026-04-12,3.2,3.4,2.4,3.2,0.0,2.5,3.1,1.8,0.5,2.5,0,0,
2026-04-13,2.3,2.5,1.5,3.1,1.7,2.2,2.0,1.6,1.5,0.0,0,0,
2026-04-14,4.3,2.2,4.4,0.4,2.8,1.9,0.7,3.4,1.4,3.5,0,0,
2026-04-15,2.7,1.8,0.3,2.3,2.4,1.6,1.9,2.1,0.6,2.2,0,0,
2026-04-16,1.1,1.6,2.2,3.0,0.0,2.8,1.4,2.6,1.2,3.0,0,0,
2026-04-17,1.7,2.3,0.9,0.3,1.7,1.8,1.1,2.4,2.7,1.1,0,0,
2026-04-18,0.3,1.7,1.5,2.0,2.4,1.7,4.2,3.2,0.7,0.4,0,0,
2026-04-19,2.8,2.0,2.1,2.3,0.5,2.1,2.8,1.7,0.1,2.3,0,0,
2026-04-20,2.8,2.1,0.0,1.7,1.1,3.7,2.9,1.4,2.4,2.0,0,0,
2026-04-21,2.6,1.3,2.2,0.1,0.0,0.7,2.2,2.7,2.0,1.5,0,0,
2026-04-22,4.1,2.5,3.9,1.7,1.3,2.8,2.3,3.1,0.9,2.1,0,0,
2026-04-23,4.2,4.9,1.5,1.7,0.0,0.1,3.5,2.8,0.0,4.8,0,0,
2026-04-24,2.8,0.2,2.3,1.9,1.2,2.2,2.5,1.7,0.8,2.8,0,0,
2026-04-25,0.9,2.3,3.0,1.4,0.0,3.6,3.0,3.2,1.4,3.0,0,0,
2026-04-26,3.6,1.2,1.8,1.6,1.5,2.5,2.3,1.8,2.7,2.8,0,0,
