2026-01-06,43.50059124789753,0.49252544775824125,0.12313136193956031,77.13673782348633,2.0310343458678464,0.4287800710859747,0.08575601421719496,22.406264781951904,0.5977394279200767,0.2690672610703862,0.04036008916055793,2123.4900000000002,212.27934190589536,0.4287922358083106,0.08575844716166213,3.4433403018019835,0.0792827982338406,0.5,0.1,133.5,1.2909944487358056,-0.7660700761353182,-0.6768249892513787,5.625,0.07039202030651849,6.9273000240325935,0.24443564235373835,1.302300024032593,0.23891220249011763,0.8127115458211512,0.028403582776713523,10.667921125184227,0.13365919334053786,0.04214097402412061,0.0008964074083377874,13.711751224525145,0.21860805848100895,126.04496309293815,4.148367056083916,82.23316383361816,2.6475925127873827,3.75,7.5,0.0005126083019131552,7.2210682317723355e-06,53.20050554166915,106.4010110833383
2026-01-08,40.2680702559088,0.4561171949154474,0.11402929872886185,76.97548980712891,1.7955027149706968,0.3786652498362123,0.07573304996724246,22.270668029785156,0.5999180892076167,0.21686183743153747,0.03252927561473061,2099.8320000000003,191.2992265274484,0.5019453912412652,0.10038907824825305,3.457263464995001,0.07538961426043984,0.4,0.08,133.8,1.3038404810405297,-0.6212409682170131,-0.6190640931817081,5.638319978713989,0.06784826126608266,6.89904001235962,0.22091792308105412,1.2607200336456301,0.22683420900937507,0.8179145924590238,0.0272108637770761,10.642707169385199,0.12875287495240287,0.04214477906162234,0.0007763582116807286,13.651616847532164,0.23221289565029818,125.56970686380131,3.746472252755721,81.6570556640625,2.6299834030787617,3,6.708203932499369,0.0005163465170715066,1.0439307096573798e-05,42.56040443333532,95.1679574628212
2026-01-08,40.2680702559088,0.4561171949154474,0.11402929872886185,76.97548980712891,1.7955027149706968,0.3786652498362123,0.07573304996724246,22.270668029785156,0.5999180892076167,0.21686183743153747,0.03252927561473061,2099.8320000000003,191.2992265274484,0.5019453912412652,0.10038907824825305,3.457263464995001,0.07538961426043984,0.4,0.08,133.8,1.3038404810405297,-0.6212409682170131,-0.6190640931817081,5.638319978713989,0.06784826126608266,6.89904001235962,0.22091792308105412,1.2607200336456301,0.22683420900937507,0.8179145924590238,0.0272108637770761,10.642707169385199,0.12875287495240287,0.04214477906162234,0.0007763582116807286,13.651616847532164,0.23221289565029818,125.56970686380131,3.746472252755721,81.6570556640625,2.6299834030787617,3,6.708203932499369,0.0005163465170715066,1.0439307096573798e-05,42.56040443333532,95.1679574628212
2026-01-11,39.66933983434592,0.44631214563422256,0.11157803640855564,77.64210764567058,2.2902707384816985,0.3981934967837239,0.07963869935674478,22.29863961537679,0.5409397643082592,0.2734796923100427,0.0410219538465064,2124.5383333333334,181.49031020048065,0.4889402103249285,0.0977880420649857,3.482513217612214,0.09149959122342013,0.3333333333333333,0.06666666666666667,134,1.2649110640673518,0.27378850978077324,-0.11332060768960232,5.6970000028610235,0.15602173133523167,6.907800006866456,0.1987566552679835,1.2108000040054325,0.23688618122886843,0.8252171093953916,0.03020439384644731,10.538260213549536,0.2805652183482967,0.042516204926162066,0.0011445211642297243,13.629263014850194,0.21479391550618662,127.04401879598554,4.92650154905276,82.99863815307617,4.041350221070244,4.833333333333333,7.494442385305706,0.000512730410447534,1.2870146418005272e-05,70.40879062191874,109.08138146341557
2026-01-11,39.66933983434592,0.44631214563422256,0.11157803640855564,77.64210764567058,2.2902707384816985,0.3981934967837239,0.07963869935674478,22.29863961537679,0.5409397643082592,0.2734796923100427,0.0410219538465064,2124.5383333333334,181.49031020048065,0.4889402103249285,0.0977880420649857,3.482513217612214,0.09149959122342013,0.3333333333333333,0.06666666666666667,134,1.2649110640673518,0.27378850978077324,-0.11332060768960232,5.6970000028610235,0.15602173133523167,6.907800006866456,0.1987566552679835,1.2108000040054325,0.23688618122886843,0.8252171093953916,0.03020439384644731,10.538260213549536,0.2805652183482967,0.042516204926162066,0.0011445211642297243,13.629263014850194,0.21479391550618662,127.04401879598554,4.92650154905276,82.99863815307617,4.041350221070244,4.833333333333333,7.494442385305706,0.000512730410447534,1.2870146418005272e-05,70.40879062191874,109.08138146341557
2026-01-11,39.66933983434592,0.44631214563422256,0.11157803640855564,77.64210764567058,2.2902707384816985,0.3981934967837239,0.07963869935674478,22.29863961537679,0.5409397643082592,0.2734796923100427,0.0410219538465064,2124.5383333333334,181.49031020048065,0.4889402103249285,0.0977880420649857,3.482513217612214,0.09149959122342013,0.3333333333333333,0.06666666666666667,134,1.2649110640673518,0.27378850978077324,-0.11332060768960232,5.6970000028610235,0.15602173133523167,6.907800006866456,0.1987566552679835,1.2108000040054325,0.23688618122886843,0.8252171093953916,0.03020439384644731,10.538260213549536,0.2805652183482967,0.042516204926162066,0.0011445211642297243,13.629263014850194,0.21479391550618662,127.04401879598554,4.92650154905276,82.99863815307617,4.041350221070244,4.833333333333333,7.494442385305706,0.000512730410447534,1.2870146418005272e-05,70.40879062191874,109.08138146341557
2026-01-19,42.744623937809116,0.5188691613566829,0.12971729033917073,78.07888624403212,1.9327756984145417,0.6209954107196026,0.12419908214392056,22.033850775824654,0.9041581714925994,0.21586675935050015,0.03238001390257502,2099.3977777777777,149.83657195239238,0.3446381538510133,0.06892763077020267,3.5486753437626293,0.1658946669627968,0.3611111111111111,0.07222222222222223,133.55555555555554,1.5898986690282428,0.426619450189095,-0.2942340694220111,5.717199993133544,0.14205691129597003,6.844799995422363,0.29201077496833683,1.1276000022888182,0.2856718361709371,0.8364228253656086,0.03643388752596836,10.500294075850451,0.2557126756606453,0.04280968773849543,0.0010241809357868462,13.658276266228098,0.2130519085620187,126.00065558153057,6.714488489642761,83.2816407945421,3.3292258799411134,4.777777777777778,7.172478263783337,0.0005143909461208635,1.2051014789618359e-05,69.31525409517762,104.01467435419352
2026-01-24,46.495809305635056,0.5099416362712106,0.12748540906780265,77.46679964932528,2.236896367339666,0.42337294652860424,0.08467458930572082,22.38953971862793,1.2928076183224053,0.16817669487183637,0.02522650423077545,2175.2972727272722,310.53411851488744,0.5664293808316864,0.11328587616633733,3.472025221328222,0.24647096360642445,0.5714285714285715,0.11428571428571431,134,1.9493588689617927,-0.23138735912958125,0.29467798600673345,5.70796363136985,0.13691712021101052,11.310872606797652,14.700746088827618,5.602908975427801,14.680211131583597,0.7641096842655355,0.222229758514239,10.517027743312754,0.2476177510747317,0.04260109487761018,0.0010292421919758494,13.573599901651034,0.32249900065191994,127.83394038004518,8.628708500401094,83.51723341508345,3.984569461491048,8.636363636363637,11.792139138194795,0.0005108746831480566,2.0825335854206816e-05,129.98465783169152,186.3728865272422
2026-01-24,46.495809305635056,0.5099416362712106,0.12748540906780265,77.46679964932528,2.236896367339666,0.42337294652860424,0.08467458930572082,22.38953971862793,1.2928076183224053,0.16817669487183637,0.02522650423077545,2175.2972727272722,310.53411851488744,0.5664293808316864,0.11328587616633733,3.472025221328222,0.24647096360642445,0.5714285714285715,0.11428571428571431,134,1.9493588689617927,-0.23138735912958125,0.29467798600673345,5.70796363136985,0.13691712021101052,11.310872606797652,14.700746088827618,5.602908975427801,14.680211131583597,0.7641096842655355,0.222229758514239,10.517027743312754,0.2476177510747317,0.04260109487761018,0.0010292421919758494,13.573599901651034,0.32249900065191994,127.83394038004518,8.628708500401094,83.51723341508345,3.984569461491048,8.636363636363637,11.792139138194795,0.0005108746831480566,2.0825335854206816e-05,129.98465783169152,186.3728865272422
2026-01-31,47.92674735581505,0.6322746173532509,0.15806865433831271,76.81679598490398,3.1014319625067652,0.39528522906401986,0.07905704581280396,22.243457476298016,1.3324754209266596,0.15547036180155951,0.023320554270233926,2162.445833333333,299.4108519457483,0.5583918099697135,0.11167836199394275,3.4640140474100853,0.23663377435241167,0.5357142857142858,0.10714285714285716,134.25,2.050498830661811,-0.523308491960028,0.16639966767131345,5.677499985694884,0.16786450908116435,10.913999891281128,14.083873451537778,5.236499905586243,14.0544646052152,0.7684199484779155,0.21241319115295484,10.576517739929551,0.31338349822231903,0.04230063860330219,0.0014304976662053769,13.529162275051965,0.34387058943194315,126.36850512560962,9.667265138606904,82.07324409484863,6.281298495260376,7.916666666666667,11.516457262491269,0.000517397824155712,3.0081294082361912e-05,119.1526030123839,181.61811550045007
2026-02-01,52.226610949930084,0.6638934861556609,0.16597337153891523,75.997437110314,4.188656516874483,0.41419315872270546,0.08283863174454108,22.341796288123497,1.3241034589256084,0.14363583263743432,0.021545374895615147,2150.476153846154,289.89453029042767,0.5507524478099382,0.11015048956198764,3.4139299372501344,0.2897217338710755,0.7087912087912087,0.14175824175824175,135.07692307692307,3.569816485982122,-0.685394760963563,0.0622162398451385,5.670553845625657,0.16265767989606056,10.637722954383262,13.521025974824845,4.967169108757606,13.491119995879044,0.7680052268871685,0.2033756443540829,10.589003398271707,0.30340024255093806,0.042010775243788184,0.0017228077612010148,13.399401299422477,0.5720890729936122,126.75718560905989,9.36119419333047,80.7600091787485,7.654177650424143,8.846153846153847,11.524221982749738,0.00052319764761468,3.559172109561344e-05,127.88539805236317,176.7138377184254
2026-02-14,51.723462286179966,0.6657063651977095,0.16642659129942738,76.02428596898129,3.664996025041143,0.4156808533820868,0.08313617067641736,22.34953368337531,1.129744595709294,0.17871486570730677,0.026807229856096012,2185.955789473684,284.33780167094267,0.5481828042721011,0.10963656085442026,3.411125810411677,0.2543087124650036,0.6561403508771931,0.13122807017543864,135.1578947368421,3.6706517419289884,-0.349876142435369,0.2202871910085425,5.671705266049034,0.16747363678492055,9.507789395984851,11.172177885230834,3.8360841299358173,11.14781557289256,0.7793767379537906,0.1672427079011868,10.587606470047609,0.31401223345326273,0.04198479658253037,0.0014494031544095914,13.408474207669812,0.6250083306876841,126.82922811058891,8.557995992041178,81.46764213160465,8.14535410992367,10.894736842105264,11.845743430739187,0.0005192101047941454,4.187808136474731e-05,161.98101082188523,186.77086527880866
2026-02-14,51.723462286179966,0.6657063651977095,0.16642659129942738,76.02428596898129,3.664996025041143,0.4156808533820868,0.08313617067641736,22.34953368337531,1.129744595709294,0.17871486570730677,0.026807229856096012,2185.955789473684,284.33780167094267,0.5481828042721011,0.10963656085442026,3.411125810411677,0.2543087124650036,0.6561403508771931,0.13122807017543864,135.1578947368421,3.6706517419289884,-0.349876142435369,0.2202871910085425,5.671705266049034,0.16747363678492055,9.507789395984851,11.172177885230834,3.8360841299358173,11.14781557289256,0.7793767379537906,0.1672427079011868,10.587606470047609,0.31401223345326273,0.04198479658253037,0.0014494031544095914,13.408474207669812,0.6250083306876841,126.82922811058891,8.557995992041178,81.46764213160465,8.14535410992367,10.894736842105264,11.845743430739187,0.0005192101047941454,4.187808136474731e-05,161.98101082188523,186.77086527880866
2026-02-26,54.42566576724135,0.6212659160108198,0.15531647900270495,76.33371490478517,3.805209871429897,0.41225274453248056,0.08245054890649613,22.331704330444335,1.1590922393050025,0.38501049607778143,0.05775157441166722,2126.0168,281.526239403482,0.563690276757726,0.11273805535154521,3.4280483598444227,0.25877738277368634,0.6800000000000002,0.136,134.8,3.617089069035118,-0.06645617376803359,-0.14366564031982448,5.668559984207153,0.1571920116943283,8.906687965393067,9.737263474981951,3.238127981185914,9.715488178580719,0.7863253369930427,0.1456671523224584,10.592538364369345,0.29469059742197173,0.04207653954271679,0.0015011952730861814,13.468285559395843,0.6135418674900873,126.66088255352089,8.622371245109091,81.21448059082032,7.709378155823876,10.2,11.098047876390995,0.0005214886678544633,3.870574059125323e-05,150.17599728692483,172.84558147102757
2026-03-03,52.99621468912804,0.5630101839795505,0.14075254599488762,76.93597779450594,4.257629080904766,0.4207844416423384,0.0841568883284677,22.376077086837203,1.1537476099082857,0.38176644078616234,0.05726496611792436,2121.318888888889,271.1901866889919,0.5815313248425963,0.11630626496851926,3.44751742667192,0.26336158923836644,0.6574074074074074,0.1314814814814815,134.4814814814815,3.683334300189377,0.16747546092567794,-0.15670137231870213,5.688533322016398,0.16820342814686873,8.781866629918417,9.366627662989963,3.0933333079020184,9.349295304493051,0.7891166193772207,0.14062218860244083,10.556439913667717,0.31298835137163733,0.042330418949442734,0.001707931914935131,13.524484441602201,0.6284809149088886,127.36936550917954,8.87844913431663,82.53610879403574,8.86817307937753,10.555555555555555,11.516988566505814,0.0005169387393264819,4.094682908163554e-05,158.09476423230336,182.96252610140814
2026-03-04,52.93739206476412,0.564732200718925,0.14118305017973126,76.9689213888986,4.1816752453116655,0.43189496578781034,0.08637899315756206,22.433862141200475,1.1727435589639292,0.3794741504490427,0.056921122567356416,2117.9992857142856,266.69985861386596,0.5749002022863862,0.11498004045727724,3.4402812055948826,0.2612596865345671,0.6495535714285714,0.1299107142857143,134.60714285714286,3.6751345222472818,0.17218829834290705,-0.16881901581683814,5.699442841325487,0.17486286040094462,8.742985689640046,9.193837356675614,3.043542848314558,9.178308933838915,0.7887599391321632,0.1380064111545581,10.536924568156381,0.3240328078688724,0.04236986047316111,0.0016889496651171644,13.505373905341878,0.6249680137953527,127.956901884113,9.250563091270427,82.54711505344936,8.702593095987503,10.178571428571429,11.476396296646083,0.0005172014360658868,4.0205437419255635e-05,152.44852265257825,182.01126828557562
2026-03-13,53.32563212270247,0.586093038611648,0.146523259652912,77.37757175990515,3.8747389832734025,0.4935025366083921,0.09870050732167841,22.754278782435826,1.2723610552377964,0.3784966538819704,0.05677449808229555,2116.5837142857144,279.93185061500145,0.5473617094221225,0.10947234188442448,3.410229789593287,0.24592717246648213,0.6089285714285714,0.12178571428571429,135.25714285714287,3.9507471902596527,0.26356987184502073,-0.12594893583691533,5.783142835072108,0.26922280385783426,8.502068550927298,8.20851102050988,2.71892571585519,8.205848737407386,0.7932846660518328,0.12367570445666021,10.395869685771467,0.4630770864506351,0.04276751101801917,0.0017955557934033381,13.39418336687863,0.6888529892263938,131.8052376834457,12.375816945566715,83.55667463030134,8.598927192739175,10.6,11.662408186385964,0.0005155977111342084,3.9811862398320706e-05,160.73119816781596,189.85669221175084
2026-03-15,53.16601495206956,0.5700675991758282,0.14251689979395704,77.62449751959907,4.0962966243651575,0.5049277405035194,0.10098554810070387,22.813700464036728,1.3037492082880522,0.37686174946905804,0.0565292624203587,2114.2161111111113,276.2693085717814,0.5487671960283804,0.10975343920567607,3.4117635286725285,0.24256309278558685,0.609375,0.12187500000000001,135.25,3.894134783785188,0.3268888327771746,-0.13454920286614713,5.801999974250793,0.2884637513977358,8.471199977397918,8.092516512429924,2.6692000031471252,8.09327402165633,0.7955359319638773,0.12264222593933523,10.36501361921588,0.4925332538269282,0.042909154198692456,0.001963203044887869,13.392952617259532,0.6789810761990792,132.61235692224892,13.123898570492655,83.89459419250488,8.714342194500784,10.305555555555555,11.62956686196117,0.0005151661175598755,3.9324355657628e-05,156.2664426631544,189.0325787643605
2026-03-26,54.126198141834024,0.5639919505848098,0.14099798764620244,78.06934871614533,4.16001916929518,0.511183826408345,0.10223676528166903,22.846237926660308,1.249942860115153,0.4253991420709664,0.06380987131064496,2095.006191950464,278.1026968441253,0.5613731636080977,0.11227463272161955,3.425519807119135,0.23468635584904876,0.6097136222910217,0.12194272445820434,135.24458204334366,3.6456721634737663,0.40490911476800634,-0.19588610614746493,5.836302146232534,0.2993465492415579,8.382371485565468,7.5508998662621085,2.5460693393329348,7.556797833591252,0.796131440955226,0.11576705581794015,10.30645844069415,0.5090816258528198,0.043162840163058214,0.002057858636248548,13.389554157934182,0.6360537802277281,133.5782418111761,12.938217099373011,84.69950363584347,8.542026422326295,10.077399380804954,11.358235720463567,0.000513067042366389,3.753259801046865e-05,153.15545574588901,183.86393880439155
2026-03-27,54.21792400677494,0.566635621527755,0.14165890538193876,78.12514886623475,4.216103986751135,0.5119685619225394,0.10239371238450785,22.850319280856993,1.2586052940064494,0.423896818647971,0.06358452279719566,2092.5965853658536,281.6882820034387,0.5629543999595605,0.11259087999191209,3.427245333335434,0.2365530587435547,0.6097560975609756,0.12195121951219512,135.2439024390244,3.6591015823893027,0.41279647111886225,-0.2016136001180633,5.840604857700628,0.3041018492607917,8.37122923571889,7.575041744070798,2.5306243780182625,7.581631959623484,0.7962061389471722,0.11632764990342612,10.299113540252401,0.516932259609862,0.043194661399006525,0.002092586054522544,13.389127870353303,0.6384516341200516,133.6993981038638,13.07067317812895,84.80046788657585,8.621190772977478,10.048780487804878,11.465058263070874,0.000512803743735847,3.776323770420495e-05,152.7652274217721,185.49602497651225
2026-03-29,54.50539635047558,0.5712622955138479,0.14281557387846197,78.22280440219613,4.1450538995849735,0.5096547339525963,0.10193094679051926,22.83828522438227,1.2523170336742118,0.4221017518707075,0.06331526278060613,2089.717441860465,275.26714523041085,0.5686818305084004,0.11373636610168009,3.4334953993391113,0.23744622444218208,0.6162790697674418,0.12325581395348836,135.13953488372093,3.629124224335524,0.42209614769077447,-0.20558089408717392,5.839367424055588,0.297376579483918,8.316167403376381,7.396845021375443,2.4767999793207918,7.403031779335284,0.7968004882862584,0.11355964298386859,10.30017853324167,0.5055166312822211,0.0432188543301097,0.0020451744557343833,13.40842008926784,0.63464957813475,133.5942057321135,12.889865410115068,84.96199940526208,8.472821390690832,10.093023255813954,11.44513611287797,0.0005120135880453052,3.7215336689561256e-05,153.81616517499938,185.0885974384312
2026-04-04,54.39585395769107,0.5717404116671736,0.1429351029167934,78.23289603375375,4.054046907296369,0.5324204613343461,0.10648409226686918,22.956688170737408,1.263164027572399,0.422752978471197,0.06341294677067953,2108.1497872340424,299.3579676537437,0.5532383710915665,0.1106476742183133,3.4166427042505836,0.2386704722559522,0.6023936170212766,0.1204787234042553,135.36170212765958,3.703262556384183,0.37491141495191616,-0.06528980554985715,5.856127644599753,0.29151389989639664,8.271651022484964,7.071569819077101,2.415523377885209,7.078266556612955,0.7951820453046609,0.1094123453485148,10.269818925302939,0.49651907421332864,0.043271381372162035,0.001977331792102668,13.372557273806889,0.6455660461386871,134.67405349915336,12.892101732568957,85.01920107577709,8.271897905968178,10.170212765957446,11.457519173273086,0.0005121434252471932,3.6337986296133186e-05,153.7639088681183,183.21859545888591
2026-04-05,54.40078471289094,0.5695675597538118,0.14239188993845295,78.18703349431355,4.023253789139124,0.537020680948443,0.10740413618968858,22.980613589286804,1.260599543767235,0.431831226001236,0.06477468390018541,2123.083958333333,313.70989935980447,0.548227352169579,0.1096454704339158,3.411174423362491,0.23913783381145245,0.5989583333333334,0.11979166666666667,135.41666666666666,3.683391899665962,0.34712455190898617,0.013503353470211145,5.856449988484383,0.28840466131098474,8.256074953079223,6.996768134667764,2.3996249645948406,7.003427227985352,0.7948737282617554,0.10826320119775329,10.268753520269021,0.4912640133223831,0.043256307326525516,0.0019589690651524256,13.363733674105339,0.6415804430985679,134.8170014951562,12.79260807346802,85.05151542027791,8.18648772752656,10.541666666666666,11.623450861473025,0.0005117130000899674,3.6072806133878295e-05,159.16110284512203,185.07577980917284
2026-04-05,54.40078471289094,0.5695675597538118,0.14239188993845295,78.18703349431355,4.023253789139124,0.537020680948443,0.10740413618968858,22.980613589286804,1.260599543767235,0.431831226001236,0.06477468390018541,2123.083958333333,313.70989935980447,0.548227352169579,0.1096454704339158,3.411174423362491,0.23913783381145245,0.5989583333333334,0.11979166666666667,135.41666666666666,3.683391899665962,0.34712455190898617,0.013503353470211145,5.856449988484383,0.28840466131098474,8.256074953079223,6.996768134667764,2.3996249645948406,7.003427227985352,0.7948737282617554,0.10826320119775329,10.268753520269021,0.4912640133223831,0.043256307326525516,0.0019589690651524256,13.363733674105339,0.6415804430985679,134.8170014951562,12.79260807346802,85.05151542027791,8.18648772752656,10.541666666666666,11.623450861473025,0.0005117130000899674,3.6072806133878295e-05,159.16110284512203,185.07577980917284
2026-04-06,54.65088162031122,0.5746795344617227,0.14366988361543068,78.29493230702926,4.052137257924939,0.5433177264389324,0.10866354528778649,23.030394573600926,1.2951578667385053,0.43065423853502377,0.06459813578025356,2121.1477551020407,310.72062470613713,0.5458454412716766,0.10916908825433533,3.408575160010484,0.23733217663129422,0.6020408163265306,0.12040816326530612,135.3673469387755,3.6611352835733686,0.37347362496548786,0.0036565761493001793,5.860799987948671,0.2870045149302072,8.245248926902303,6.923916257873913,2.384448938953633,6.930905065533914,0.794685442895417,0.10713763112253571,10.260928555192816,0.48919595365387997,0.04330487431867015,0.0019680420522270488,13.37167407541079,0.6372906582699197,135.21437929604681,12.960670350174423,85.22969927106585,8.196223863360649,10.979591836734693,11.903237997701801,0.0005112008192849245,3.587467285447042e-05,166.0034881831207,189.29747172517466
2026-04-08,53.712159154629504,0.5690184222492604,0.1422546055623151,78.1754428100586,4.098610137397463,0.5487659862373365,0.10975319724746731,23.0589013671875,1.2976256852076629,0.3823281980627922,0.057349229709418824,2145.302,351.77880941156815,0.5375727951354691,0.10751455902709382,3.399547624200934,0.24341705061354302,0.60125,0.12025000000000001,135.38,3.62468858620141,0.31166703800458556,0.10905618388041433,5.852303987503053,0.2903440026577489,8.233487955093382,6.853404441846078,2.381183967590332,6.859855829999315,0.7929901348284261,0.10671420216627443,10.276460537359537,0.49647847114042837,0.043238188591953775,0.0020041192935178853,13.370320277181648,0.6308268088478992,135.168919121312,12.831763905808195,85.13978958129883,8.137032130628047,11.38,12.11659344596054,0.0005108785745558715,3.557975674056441e-05,171.89151508638585,191.92623388801073
2026-04-09,53.784048735525545,0.5698645637599256,0.1424661409399814,78.19330237893497,4.059421157188875,0.5501752989219356,0.11003505978438714,23.066275278727215,1.2856628149221767,0.3821716144707716,0.05732574217061573,2145.0019607843137,348.2498461393464,0.537126545830768,0.10742530916615362,3.399060654069268,0.24099567932677574,0.6029411764705882,0.12058823529411765,135.35294117647058,3.5934581083505885,0.3110317889924897,0.10522049302915662,5.851341163410861,0.2875081314043034,8.217599958531997,6.785472956604921,2.3662587951211367,6.79174722495199,0.7927700391874989,0.10565336280381103,10.277689219288757,0.49156693082759456,0.043239546901505936,0.001984000593509092,13.375373739070394,0.6255285963376186,135.18517211705847,12.703328453170116,85.19083210066253,8.063494176528463,11.156862745098039,12.100202558667533,0.0005105392288570802,3.530543355619757e-05,168.5210932219469,191.515828562825
2026-04-11,53.309936055059204,0.5768159730859076,0.1442039932714769,78.34002626859225,4.156348786132051,0.54422957958403,0.10884591591680601,23.03516564002404,1.292611544066574,0.38388636246852675,0.05758295437027901,2148.2876923076924,345.63181256550337,0.502957484960151,0.10059149699203021,3.410642866057135,0.25281572764922916,0.609375,0.12187500000000001,135.25,3.63466426423755,0.34828829414680196,0.1172100595670472,5.8530461393869855,0.28494084333507336,8.20751534975492,6.719012924814587,2.354469210367936,6.725369195039212,0.7923727383129477,0.10465164121359892,10.274291546744083,0.48734007001856483,0.04328671536555528,0.0019936824588462562,13.396007078461558,0.6369866199142168,135.03554434773153,12.624363241703533,85.48780925457294,8.266268804023339,11.23076923076923,11.992833455803618,0.0005094528212712577,3.582467884046634e-05,170.16732926712123,190.00014429561313
2026-04-13,51.45957512258197,0.5845559565596339,0.14613898913990847,78.50339464871388,4.284570950967787,0.5386948828131655,0.10773897656263311,23.006206584426593,1.2973666415532132,0.38257450435462115,0.057386175653193164,2145.773962264151,342.78114688383687,0.49431445451427797,0.09886289090285562,3.4226379256899304,0.2651647779105121,0.5223435948361469,0.10446871896722942,135.0754716981132,3.8172133240996113,0.3862748598360117,0.10289800224221128,5.85074715614319,0.28268363150370335,8.19081505469556,6.655204032120091,2.3400678985523724,6.661213390816904,0.7921901250089407,0.10364901688660492,10.277965511430462,0.48337193176307064,0.043328205915331534,0.0019973906854107997,13.429663812834532,0.6767467380763633,134.81266095468575,12.607241311419237,85.89613227124484,8.709403295179799,11.339622641509434,11.90336635679558,0.0005078516082214366,3.734451110413551e-05,172.95224700678142,189.25347724662396
2026-04-14,51.32994584002729,0.5831283043107832,0.1457820760776958,78.47326109144423,4.24973094301941,0.5423668325423526,0.10847336650847053,23.025419235229492,1.2928013243690184,0.38232541471832554,0.05734881220774882,2145.2966666666666,339.55007849177946,0.49093215838266574,0.09818643167653317,3.4184659973124134,0.2644344539159636,0.5175438596491228,0.10350877192982458,135.16666666666666,3.839958726193281,0.36622445268296383,0.09843333053164964,5.855666653315228,0.282328137867732,8.173466634750366,6.593352693633819,2.3177999814351398,6.600101301789496,0.7931343103835199,0.10290072202790825,10.269293779184817,0.4830121182184632,0.043334879351216035,0.001979065317088885,13.413723023312311,0.6804900976817899,135.03947878762787,12.59848084265029,85.88169380470559,8.62750028140929,11.75925925925926,12.187118447144263,0.0005079521334273936,3.6997902010102913e-05,178.51141866742768,191.85912936988115
2026-04-17,49.65302212410143,0.518277187089206,0.1295692967723015,78.86361367361886,4.65300395694157,0.5399795823811369,0.10799591647622739,23.01292848587036,1.2721173575745865,0.3803442077607596,0.057051631164113936,2141.5003571428574,333.9641473406405,0.5033168841418575,0.10066337682837152,3.437241062155684,0.27840044480460446,0.50625,0.10124999999999999,134.875,4.085729043656936,0.44232898735545373,0.07669039664826877,5.859128553526743,0.27797200863901034,8.125071396997997,6.477592189929059,2.265942843471255,6.484856462359762,0.7960349960219205,0.10231177970181587,10.262555898065227,0.4758498361960191,0.04346131667704613,0.0020533910790178083,13.471189622911245,0.7360592428188311,135.03797929714298,12.382121249316002,86.59636660984584,9.27521938849739,12.053571428571429,12.100217342686856,0.000505628351389652,3.8343782792102726e-05,184.7349766673653,191.69905706062215
2026-04-21,48.71927681808386,0.5079476886645146,0.12698692216612864,79.22649202508441,4.930939488281908,0.5492404534445215,0.10984809068890432,23.061383910098318,1.2676184816128337,0.2925460590812965,0.043881908862194466,2173.2349152542374,406.67170409088254,0.5094978763858524,0.10189957527717051,3.444908040874611,0.2758943575454972,0.5228813559322033,0.1045762711864407,134.54237288135593,4.25206657220043,0.49327144537096923,0.17225985556361006,5.858603369987618,0.27740950467479353,8.104759289854664,6.30871498105168,2.246155919867047,6.316502166219901,0.7941396631298251,0.10077286488040463,10.263473220700668,0.4763058557406555,0.043569544177611434,0.0021199702160641797,13.53368953255818,0.772394744550114,135.30795013261238,12.339890303737164,87.57793335995432,10.128972194321634,12.59322033898305,12.561735334858296,0.0005018826514914839,4.132788323543733e-05,197.3519979302254,206.7836300537464
2026-04-26,49.35922688691805,0.5174551983724918,0.12936379959312294,79.4709680275839,5.055361424744894,0.5442347768544431,0.10884695537088865,23.035192833572136,1.2583428426212104,0.29267022280101734,0.04390053342015259,2173.557704918033,400.8231714293035,0.5213393286545898,0.10426786573091797,3.4595963237524625,0.28299287132905593,0.5360655737704917,0.10721311475409838,134.27868852459017,4.423916618943684,0.5283249075631179,0.16635386512492292,5.855311456273815,0.27483321301946745,8.06813111461577,6.205921317971579,2.2128196583419553,6.213083534766478,0.7951206502315556,0.09930895544585583,10.268855587360946,0.4720748424925765,0.04363365656171542,0.002129496555000213,13.583462633763736,0.8069698239151216,135.07739796705093,12.256837349030729,88.16800139380283,10.469896361443292,12.836065573770492,12.470204927304192,0.0004995655938620397,4.2639970404495674e-05,203.01204650478934,206.82386620300332
2026-04-28,49.609766866278484,0.5219359708452471,0.13048399271131178,79.58618656281502,5.095172858219759,0.5510037307359734,0.1102007461471947,23.07060986180459,1.2787648649269714,0.291968359746329,0.04379525396194934,2171.733064516129,397.78370318137,0.5209916050180964,0.10419832100361932,3.4591650030816345,0.2806842198397078,0.5370967741935483,0.1074193548387097,134.25806451612902,4.390509451267708,0.545244599607558,0.15541032539712432,5.861961274762308,0.2775548406511845,8.060458030239229,6.155139441456058,2.1984967554769215,6.162978150978807,0.7956107971571398,0.09856717113388819,10.257632787620594,0.4764559564028491,0.0436899655454472,0.0021580080687098636,13.587268185740394,0.8008887438414661,135.4493451807403,12.503785312778062,88.34756358977288,10.47953918640544,12.951612903225806,12.400988087754042,0.000499162375059675,4.240803406685262e-05,204.84847199260295,205.63063081890684
2026-04-29,49.754827846692415,0.5243276645713274,0.13108191614283185,79.64768654959542,5.07743495679866,0.5512726425785134,0.11025452851570272,23.072016882517982,1.268459486699923,0.29137938645537564,0.04370690796830635,2170.2019047619046,394.7498548074551,0.5228420895178764,0.10456841790357531,3.4614603667901562,0.27900690904319764,0.5396825396825397,0.10793650793650794,134.20634920634922,4.374260232972597,0.5509823163560648,0.14604353467674275,5.861999981743949,0.27530756747011154,8.045028536660332,6.1065276189034154,2.1830285549163824,6.114307455625394,0.7961141733281889,0.09785064759806378,10.257213632646996,0.4726096600947235,0.04370705197803561,0.0021448259951801565,13.59749809280408,0.7985425875991754,135.45515103680924,12.402624032542207,88.43971409873357,10.420384705143999,13.174603174603174,12.427258907453927,0.0004987862149448291,4.217046964438403e-05,208.47763102341443,205.9896044400993
2026-05-02,49.9855974073232,0.5291890821296957,0.13229727053242393,79.77269298846905,5.050079012794184,0.5524709867102509,0.11049419734205018,23.078286948570838,1.2494166110698266,0.2901276858395152,0.043519152875927274,2166.9478461538465,388.9973930563847,0.5261883050756915,0.1052376610151383,3.4656110536795697,0.2756233608241941,0.5415384615384616,0.10830769230769231,134.16923076923078,4.3141092315260705,0.5625916017772601,0.12702342430010555,5.868664596264179,0.2736968525203624,8.03675074503972,6.010574871202227,2.1680861487755405,6.018620715787271,0.7956739524517467,0.0963479266327754,10.24533736623343,0.4701692642610994,0.04376849034301327,0.0021394580520753548,13.602905827548094,0.7878979159982206,135.64040460425463,12.252191101505542,88.72130502554087,10.379608041693158,13.538461538461538,12.414805831995675,0.0004978491378051435,4.184576921230071e-05,214.41619138028597,205.69163329001233
2026-05-07,49.41566226954987,0.5344824864431568,0.1336206216107892,79.90880753012264,5.07094606126529,0.5544040810535102,0.11088081621070206,23.088401429793414,1.2463683678061568,0.2232863276243394,0.03349294914365091,2214.896323529412,513.6683477820562,0.5293405904164886,0.10586811808329774,3.469521187145173,0.2701861535423183,0.5514705882352943,0.1102941176470588,133.97058823529412,4.336483850555446,0.5601710355608466,0.22852404149256642,5.86259998293484,0.2720149176745198,8.001794097704046,5.876846818934905,2.139194114769206,5.883924231538219,0.7954673954478286,0.09421731364094194,10.255707906776117,0.4677366642339801,0.043788850780243034,0.002140852275358252,13.640145706060018,0.7924974614030673,135.55877316071147,12.209004827501694,88.89116107716279,10.221789517245867,13.5,12.286991057770464,0.0004969828115261065,4.1283402526323794e-05,214.05050582190094,203.54376045416552
2026-05-10,48.156415526011536,0.5407656604047082,0.13519141510117705,80.07037299787494,5.034870807338226,0.549035640246003,0.1098071280492006,23.060312271118164,1.276854607538991,0.22364351332843133,0.03354652699926469,2216.1795774647885,518.7290286086248,0.48122553956980274,0.09624510791396057,3.4818480128742753,0.2807543238594204,0.5338698859825619,0.10677397719651244,133.7887323943662,4.4494477761940825,0.5724612039045931,0.21426680107095927,5.859633787584976,0.2737486645186615,7.974963358086599,5.752325843914555,2.1153295705016224,5.75799893585375,0.7951730757565852,0.09239291635882668,10.261264103797535,0.47242388590831297,0.04382522824002336,0.002108846289428333,13.67682322827805,0.8226240257113874,135.34090091023302,12.469663821792436,89.1075395396058,10.144326187234954,13.211267605633802,12.25667805490745,0.0004961425775951297,4.115248443898486e-05,209.91983074416507,202.99244347578266
2026-05-16,48.46836825803113,0.5460702440236276,0.1365175610059069,80.20677500406902,5.0260447686614675,0.5324309870994622,0.10648619741989249,22.97343215942383,1.303498693465841,0.2867926380119799,0.04301889570179699,2185.8716,527.3966398622065,0.4561622851207174,0.0912324570241435,3.502077544395471,0.29296736242085847,0.5371428571428573,0.10742857142857143,133.72,4.449597613146487,0.5599656039878841,0.10630132736271111,5.863151985168457,0.2706022290151463,7.923119979858398,5.59933600130282,2.0599679946899414,5.605997637430754,0.7979898409260254,0.09148737396059715,10.25463860529025,0.4672330589955423,0.04387427012849445,0.0020909737886030877,13.691717135110833,0.8224447577585414,134.89617821341218,12.348629452222085,89.27637430826823,10.015377946720795,13.053333333333333,12.188711362760408,0.0004956353310554662,4.0540740704810206e-05,207.55035808499653,201.7030294265287
2026-05-22,48.9791630401052,0.5549853095655966,0.13874632739139914,80.4360169036479,5.071506613291975,0.5420072531346235,0.10840145062692472,23.023537816880623,1.3089560321587714,0.2891390427535386,0.04337085641303078,2195.1475949367086,529.3053192440436,0.45748613717217596,0.09149722743443518,3.5040775821979766,0.2890773738669918,0.5388788426763111,0.10777576853526219,133.68354430379748,4.404380988543427,0.5758881330547964,0.12118497873811826,5.876384793655783,0.27228308587837946,7.915670871734617,5.454256868888143,2.039286078078837,5.461373195168022,0.7974919332481297,0.08933242881212712,10.23180958300795,0.4697429994659831,0.04398539107858297,0.0021179296316113216,13.699222723550523,0.81362637666477,135.50522996699823,12.520983517559353,89.72992233083218,10.117741689443578,12.886075949367088,12.12962821187279,0.0004944256343899809,4.0672964137606245e-05,205.31014075660897,201.18884912408677
2026-05-24,49.08966322979092,0.555933385483671,0.13898334637091775,80.46039571762086,5.04402156657624,0.5388215860636718,0.10776431721273438,23.006869530677797,1.309161662838089,0.29220975999676224,0.043831463999514333,2207.2870000000003,537.0353360115732,0.45992085690704687,0.0919841713814094,3.5077558871134586,0.2891199201362384,0.5416666666666667,0.10833333333333335,133.625,4.407631471649305,0.5738766916057669,0.15271530121403046,5.873804985880851,0.2715364705035538,7.899839985966682,5.421475699952406,2.0260350000858307,5.427991580625304,0.7981824614325823,0.08897984565566858,10.236187091490805,0.4683997722053465,0.0439849923113857,0.002104485345799858,13.709610128058184,0.8137813841377802,135.34869869895397,12.520011870944588,90.0048173904419,10.349795848630523,13.3375,12.710947887649121,0.0004931630646886222,4.196279556829738e-05,214.81244711474992,217.22820398827278
2026-05-27,49.27195295083618,0.5580301937658626,0.13950754844146565,80.51431302326482,5.030340829755652,0.538327004097616,0.10766540081952325,23.004281741816822,1.2934338612909295,0.2929662975751905,0.043944944636278564,2210.277804878049,546.046480916275,0.4615505706222544,0.0923101141244509,3.5102180119665247,0.28675712360323496,0.5464576074332173,0.10929152148664344,133.52439024390245,4.4060161164785905,0.5671113452535967,0.15322660544655628,5.86997559593945,0.27074955460419936,7.896029256611334,5.354654879236599,2.0260536606718853,5.3607328940593275,0.7967496421363504,0.08840248289007545,10.242762949014205,0.4673690889875723,0.043989436387158305,0.0020999012267740994,13.727765871302257,0.8126995672296982,135.24159293228038,12.411609008516809,90.13644576654201,10.269782503910239,13.25609756097561,12.661608127936438,0.0004924235997731192,4.171083821937288e-05,213.6238042887464,216.2433871168632
2026-05-28,49.24424391684571,0.5577033208671734,0.13942583021679336,80.50590781705925,5.000160320320267,0.5324695777663402,0.10649391555326808,22.97363407640572,1.3154958213895127,0.29185738827090785,0.043778608240636174,2205.893975903615,544.1743008604194,0.46466706950652525,0.09293341390130509,3.5149263293144823,0.2882131369130742,0.549053356282272,0.10981067125645438,133.46987951807228,4.4071376402863836,0.5557679065240857,0.13774470008462078,5.865614442940218,0.27201100233315306,7.879402395616094,5.324059718533533,2.0137879526758766,5.329116954710908,0.7973346329337387,0.0880232804253963,10.250600098918396,0.46996592851023333,0.04397387298032724,0.0020918685338404217,13.736962019690147,0.8120623032285919,134.96996617907888,12.581463916885342,90.12955585158015,10.20716279708286,13.289156626506024,12.587770023244618,0.0004922344597307029,4.149152037437081e-05,214.18463899570037,214.9815116637524
2026-05-31,45.129910283897715,0.45651333213861545,0.11412833303465386,80.80434974221622,5.362101235435343,0.5267071748233606,0.10534143496467215,22.943483599494485,1.3145430425878617,0.2927669592606349,0.04391504388909523,2209.489764705883,570.5060079041288,0.42755099439472327,0.08551019887894465,3.533271708565998,0.310169041768746,0.5120204603580563,0.10240409207161125,133.2235294117647,4.640341917277615,0.5834013234458166,0.13702265790879747,5.865501158658196,0.27179631300060253,7.856047044080847,5.262496069471101,1.9905458854226505,5.267745428563312,0.7986152377466337,0.08771267466665787,10.250777414975301,0.4697319928307795,0.044060824223834824,0.002177365301278768,13.787713067741294,0.8674253219400074,134.7865034601155,12.528575585696588,90.77800158332376,10.991027595813653,13.329411764705883,12.65323997214615,0.000490258243256927,4.359335966007884e-05,217.0552065887664,219.43933783138374
2026-06-01,43.627767936718314,0.4600000547762579,0.11500001369406447,80.91616005121276,5.430377721406362,0.5230817992411682,0.10461635984823366,22.924514637436978,1.3185743719951666,0.2980455322821721,0.04470682984232581,2230.3574418604653,599.2474600092157,0.43244679851744705,0.08648935970348942,3.5415203102493185,0.3176860145592011,0.42732558139534876,0.08546511627906977,133.03488372093022,4.933553007766082,0.5967999271783001,0.18271875057092976,5.856948817607968,0.28159260837104366,7.839669753229895,5.23365276384562,1.9827209356219269,5.23716976747878,0.7985806984784776,0.08719577954629189,10.267581245314194,0.4922763390285266,0.04405832803959212,0.0021646431554262838,13.8323412723382,0.9564825152420013,134.49051319344443,12.753549983696145,91.68491390139557,13.78824192752793,13.534883720930232,12.722095345748675,0.0004875784319633496,4.995621082305565e-05,226.39029261790384,234.69443806148087
2026-06-06,44.10593033923527,0.46775211289295304,0.11693802822323826,81.16474879871716,5.683286968949597,0.5279744054173384,0.10559488108346769,22.95011409846219,1.3142211348084072,0.2989572180339088,0.04484358270508632,2233.961590909091,595.0663210712752,0.4361900309287765,0.0872380061857553,3.547827023588981,0.31889549299342385,0.432224025974026,0.0864448051948052,132.89772727272728,4.968960604390347,0.6157813194380906,0.18658629524507417,5.862559073079717,0.2823569490290828,7.834418167851187,5.173262594518413,1.9718590947714718,5.177189962934332,0.7986623312306491,0.08626666851872992,10.257865967204921,0.4931229267650524,0.04415013137667061,0.0022508624037901864,13.859631659627814,0.9651946687430442,134.77037697335223,12.761297747984745,92.15628337860107,14.043620181981472,13.840909090909092,12.758487248306663,0.00048624435552852214,5.019756632540054e-05,232.43229792515112,235.60832146683032
2026-06-07,44.28823092618891,0.4687326789178897,0.11718316972947243,81.19619305214185,5.658684131895466,0.5260962894609041,0.10521925789218083,22.940287279279044,1.310017017079923,0.3060168581273892,0.04590252871910838,2265.2242696629214,661.1086299489114,0.4378947902878201,0.08757895805756402,3.5506992547008007,0.31823409988877693,0.434991974317817,0.08699839486356341,132.82022471910113,4.994455557171756,0.6148315714054994,0.24089305002827108,5.858858406945561,0.28291045303351636,7.857748301645342,5.148491736784757,1.9988898946997824,5.154002533283974,0.7959616309987493,0.08947914390533537,10.264447644017572,0.4942289618555707,0.044147481406426214,0.00223817649695554,13.874404947825024,0.9697621514357001,134.62855591022625,12.758927066484762,92.32435487897209,14.053333018182578,14.03370786516854,12.815517439099727,0.0004853873919311439,5.056206118612003e-05,236.56355990314643,237.48571136735018
2026-06-09,44.30554244125812,0.46891400500233804,0.11722850125058451,81.20200771755643,5.627074357066646,0.5204969417315936,0.10409938834631871,22.9109899520874,1.33195798201867,0.30708545507952206,0.046062818261928304,2269.4604444444444,658.6113027191859,0.44102199546716087,0.08820439909343217,3.5559680663729574,0.32036460163830405,0.43730158730158736,0.08746031746031746,132.75555555555556,5.004068257537299,0.6073793908968727,0.2473455773711857,5.854759979248047,0.2839907697140106,7.844319987297057,5.121070673050195,1.9895600080490112,5.1257299296035255,0.7962916486931558,0.08903009815651657,10.271831135967346,0.49641130395003574,0.044137268788364374,0.002227674805033266,13.885635530811255,0.9701666061313212,134.37119824517023,12.919832947538785,92.3852535671658,13.986096287467882,14.155555555555555,12.795637521262103,0.00048490513156544825,5.0484936566990025e-05,238.8837319629907,237.17134971553037
2026-06-11,44.33836625828541,0.4674536475754365,0.11686341189385913,81.15517777663011,5.6135292752353925,0.518923322812112,0.1037846645624224,22.902756345141064,1.3268642761640825,0.3146659154822132,0.047199887322331976,2299.511208791209,714.9311869292583,0.44047284252983737,0.08809456850596745,3.5550428365782887,0.3187020655267544,0.43720565149136587,0.08744113029827316,132.75824175824175,4.9762561995063885,0.5828063378624632,0.29205555655557125,5.85174063693036,0.28387362101513913,7.8349054813385,5.093332650796386,1.98316484440814,5.097539173503379,0.7963165473484762,0.08853442349692889,10.277115282856006,0.49621271363607056,0.04411328655912255,0.0022270460625809746,13.884569398230822,0.9648153407422473,134.25351979404883,12.89680508505679,92.36049434116909,13.910184031486533,14.373626373626374,12.893278482861914,0.0004846916888479049,5.02449536797891e-05,242.2937174802845,238.08274710609115
2026-06-13,44.73093519399489,0.4730609620187497,0.11826524050468742,81.33499006045761,5.695619725628058,0.511463573049709,0.10229271460994181,22.863724882884693,1.3392478743042064,0.31916066190886305,0.047874099286329456,2317.329462365591,717.4915618248937,0.449302002287885,0.08986040045757697,3.569918477068992,0.33183008357603533,0.4450844854070661,0.08901689708141321,132.53763440860214,5.148995553767377,0.6027654398370187,0.31955289225965117,5.846322561079456,0.28318633553409095,7.810180631760627,5.040477988497782,1.963858070681172,5.043559879336005,0.7972104849477539,0.0878086529890037,10.286529046037172,0.49496855057051464,0.04414787928702031,0.0022179293358399617,13.929721266350555,1.003631198095161,133.9057427493513,12.972656527480165,92.87176554690126,14.205509101275434,14.67741935483871,12.943154385303268,0.0004827432184084618,5.1442138747381504e-05,249.8818934875192,241.8669353797546
