start_date_local,name,distance_km,moving_minutes,pace_min_per_km,average_heartrate,max_heartrate,training_load,km_per_hour
2022-12-05 11:38:42,W1/01,1.76907,20.45,11.990407673860913,,,55.0,5.190425427872861
2022-12-05 11:38:42,W1/01,1.76907,20.45,11.990407673860913,,,55.0,5.190425427872861
2022-12-05 11:38:42,W1/01,1.76907,20.45,11.990407673860913,,,55.0,5.190425427872861
2022-12-07 16:05:38,W01/02,1.951,21.666666666666668,11.337868480725625,,,67.0,5.402769230769231
2022-12-07 16:05:38,W01/02,1.951,21.666666666666668,11.337868480725625,,,67.0,5.402769230769231
2022-12-10 10:08:29,Week01/Train03,1.9674800000000001,24.016666666666666,12.72264631043257,,,58.0,4.915286606523248
2022-12-12 18:00:00,Evening Run,1.213666,26.0,,,,18.0,2.800767692307692
2022-12-15 05:42:48,Morning Run,2.3099197,11.0,10.269745758271505,,,188.0,12.599562
2022-12-15 17:24:30,Afternoon Other,1.0315519999999998,11.5,11.303673714303761,,,19.0,5.382010434782607
2022-12-16 11:37:16,Treadmill 16Dec2022 (w02/d4),1.77,24.416666666666668,13.774104683195592,121.0,136.0,42.0,4.349488054607509
2022-12-22 05:59:14,Morning Run,0.533,6.566666666666666,,,,14.0,4.87005076142132
2022-12-23 12:22:00,[HR] Running Fast Finish RFF3,1.51,20.0,13.227513227513226,114.0,129.0,37.0,4.53
2022-12-26 10:39:00,Strava 26Dwc2023 WorOut,2.48,29.016666666666666,12.1654501216545,120.0,174.0,78.0,5.128087306145893
2022-12-28 20:23:50,Night Run,0.70686,68.48333333333333,,,,2.0,0.6192981260647359
2023-01-06 16:04:44,PutDoor Run 01,2.2635300000000003,25.466666666666665,12.531328320802004,,,70.0,5.332924083769635
2023-01-15 11:14:30,OutDoor Run 02,2.54177,28.0,11.49425287356322,,,84.0,5.44665
2023-02-04 10:04:35,Run (OutDoor - 03),1.02465,10.366666666666667,6.74053075073942,114.0,137.0,1.0,5.930450160771705
2023-02-12 12:21:47,Run (OutDoor - 05),4.21366,49.4,13.88888888888889,,,1.0,5.117805668016194
2023-02-19 12:05:00,Lycabetus Run,5.5586,80.1,14.374205178324665,,,124.0,4.16374531835206
2023-02-24 10:43:00,KeepFit Run - TimeStamp,1.4519300000000002,15.066666666666666,10.733563040169242,,,33.0,5.782022123893806
2023-03-03 09:52:34,JHeel 69Plan,1.38455,14.016666666666667,10.253184131458616,90.0,105.0,4.0,5.926730083234244
2023-03-04 10:01:35,Morning Run,0.4205,4.1,9.798157946306095,,,8.0,6.153658536585366
2023-03-05 12:42:00,Run (JHell69-1.5km),1.31154,14.05,10.687491714522048,101.0,141.0,8.0,5.6008825622775795
2023-03-07 10:18:00,Morning Run Full Data,1.3337999999999999,14.583333333333334,10.942034789543092,119.0,152.0,17.0,5.487634285714285
2023-03-10 10:00:01,JHeel 69Plan,1.216,11.85,10.05868194813816,123.0,145.0,15.0,6.1569620253164565
2023-03-14 10:11:05,Run (JHell69-1.5km),1.47404,14.4,9.916154943490808,123.0,168.0,21.0,6.141833333333333
2023-03-16 09:15:00,Run (JHell69-1.5km),2.07209,20.033333333333335,10.009639683400703,124.0,161.0,27.0,6.205926788685525
2023-03-17 13:45:00,MyRun Full 17032023,1.044,9.916666666666666,9.819272557260057,135.0,175.0,1.0,6.316638655462185
2023-03-18 18:35:27,Evening Run,1.7198,17.35,10.673864095922003,120.0,163.0,24.0,5.947435158501441
2023-03-21 10:18:22,Run (JHell69-2.0km),1.735,18.4,10.715814707961473,123.0,157.0,26.0,5.657608695652175
2023-03-23 10:11:00,Run (JHell69-2.0km),1.3,12.116666666666667,9.564228499977771,126.0,155.0,1.0,6.437414030261348
2023-03-25 09:16:00,Cascais-by Atlantic Run (JHell69-2.0km),1.039,9.933333333333334,10.55760876411597,128.0,155.0,15.0,6.275838926174496
2023-03-31 11:58:00,Run (JHell69-3.0km),1.07416,10.583333333333334,9.959370945415596,121.0,139.0,13.0,6.089725984251968
2023-04-07 11:11:00,Run (JHell69-2.0km)-CooperTest,1.394,13.283333333333333,10.431341608433181,121.0,155.0,16.0,6.296612296110414
2023-04-09 10:40:00,Run (JHell69-3.0km) - limitUp,1.623,16.25,10.331692371297384,122.0,156.0,1.0,5.992615384615385
2023-04-20 10:34:00,Run (JHell69-2.0km),1.3069000000000002,12.35,9.592034099604488,118.0,137.0,13.0,6.3493117408906885
2023-04-23 10:55:00,Morning Run,1.045,10.3,10.481329921450818,122.0,143.0,12.0,6.087378640776698
2023-04-25 09:28:00,Run (JHell69-3.0km) - limitUp,1.548,14.866666666666667,10.01372140188815,121.0,148.0,19.0,6.247533632286995
2023-04-28 09:07:00,Run (JHell69-3.0km) - limitUp,1.999,20.333333333333332,10.597895986992228,124.0,143.0,27.0,5.898688524590165
2023-04-28 21:04:42,Chaidari Running,0.202,2.2666666666666666,12.540135644640847,105.0,120.0,1.0,5.347058823529412
2023-04-30 10:58:00,Sunday EasyRun 1km - week0,1.014,9.8,9.995667877541873,133.0,175.0,25.0,6.208163265306122
2023-05-02 09:16:00,Run (JHell69-1.0km),1.242,11.866666666666667,9.783725656818682,129.0,161.0,20.0,6.2797752808988765
2023-05-05 15:31:00,Running,0.991,6.366666666666666,12.624945614890526,106.0,128.0,10.0,9.339267015706808
2023-05-06 10:09:00,Run (JHell69-1.0km),1.351,12.816666666666666,9.721823060370403,129.0,153.0,21.0,6.324577373211963
2023-05-07 10:24:00,Morning RunX,1.631,16.233333333333334,10.520203219186392,138.0,175.0,40.0,6.0283367556468175
2023-05-09 08:55:00,Morning RunXX,2.005,20.116666666666667,10.280406306330201,114.0,146.0,1.0,5.980115990057994
2023-05-11 09:08:00,Run (OutDoor),1.0148,8.75,8.743032262296143,125.0,157.0,1.0,6.95862857142857
2023-05-12 06:08:00,Run (JHell69-3.0km) - limitUp,2.002,18.85,9.771479681292638,128.0,161.0,1.0,6.372413793103447
2023-05-13 10:05:00,Runalyze_day#409,2.002,19.6,10.225871713126176,136.0,175.0,49.0,6.128571428571427
2023-05-16 09:13:00,Morning Run from RunAlyze,3.003,30.9,10.798983763792705,119.0,154.0,37.0,5.831067961165049
2023-05-18 00:40:00,Early morning Run,1.0177,9.9,11.902306628937307,117.0,128.0,11.0,6.167878787878788
2023-05-19 10:08:00,Running,1.0148,8.75,8.743032262296143,125.0,157.0,13.0,6.95862857142857
2023-05-19 13:08:00,Lunch Run,1.0148,8.75,8.743032262296143,125.0,157.0,13.0,6.95862857142857
2023-05-20 10:03:00,Run (OutDoor) - Aerobic,1.505,14.816666666666666,9.963100263340682,130.0,165.0,26.0,6.094488188976378
2023-05-23 08:59:00,Morning Run (RunAlyze) 230523,1.7002000000000002,16.433333333333334,9.743015115547482,120.0,138.0,1.0,6.207626774847871
2023-05-26 09:26:00,Run (OutDoor) - ShortIntervalRun,1.5407,15.083333333333334,9.942183419603648,138.0,175.0,1.0,6.128751381215469
2023-05-27 10:19:00,Run (JHIll-Interval Run),2.0192,21.083333333333332,10.626910120676003,136.0,171.0,46.0,5.746339920948618
2023-05-30 09:00:00,MSDay #427 Run (RunAlyze) 300523,2.0095,19.516666666666666,9.779443047418406,131.0,152.0,1.0,6.177796754910333
2023-06-02 09:12:00,Run (OutDoor) - LongIntervalRun,2.0091,19.616666666666667,9.850909246804207,133.0,157.0,1.0,6.145080713678845
2023-06-03 10:04:00,3k workOut Run MSday#431,3.0064,31.35,10.536796685680105,130.0,159.0,1.0,5.753875598086124
2023-06-05 10:25:00,Morning Run day#433,3.0069,30.733333333333334,10.481268620890814,130.0,158.0,53.0,5.870303687635574
2023-06-06 08:53:00,Drapetsona Running,2.0063,20.05,10.11934144135447,148.0,175.0,50.0,6.003890274314214
2023-06-07 08:59:00,Run (OutDoor) - ShortIntervalRun,1.0121,8.433333333333334,8.62214322959481,157.0,175.0,21.0,7.200711462450592
2023-06-07 09:29:00,Morning RunAlyze b #435,1.0078,10.366666666666667,10.432087900605739,135.0,157.0,21.0,5.832926045016078
2023-06-09 09:29:18,Run (OutDoor) - Aerobic,1.0071,10.033333333333333,10.108644884801276,133.0,166.0,19.0,6.022524916943523
2023-06-10 10:30:00,Drapetsona Running,2.0056,19.8,10.043260743055065,126.0,155.0,29.0,6.077575757575757
2023-06-16 09:45:00,Recover Run Friday 160623-day#442,2.0095,20.85,10.565405789026723,124.0,158.0,30.0,5.78273381294964
2023-06-17 10:06:00,Morning WorkOut - Run - day#433,2.3236999999999997,25.45,11.12059252830074,124.0,151.0,34.0,5.478271119842828
2023-06-26 06:51:00,Morning Run,2.1111999999999997,21.816666666666666,10.520244390326903,113.0,135.0,21.0,5.806203208556149
2023-06-26 09:51:00,Drapetsona Running,2.1111999999999997,21.816666666666666,10.520244390326903,113.0,135.0,21.0,5.806203208556149
2023-06-28 08:59:00,Drapetsona Other,2.5637615,29.666666666666668,12.371146162197059,104.0,120.0,17.0,5.185135617977528
2023-06-28 21:15:00,Piraeus Other,1.529637,17.8,14.513247590808158,109.0,126.0,13.0,5.156079775280898
2023-06-29 09:08:00,Drapetsona Other,1.1734727,14.633333333333333,13.989816085401001,102.0,113.0,5.0,4.811505375854215
2023-07-01 10:06:00,Drapetsona Other,1.1212454,13.616666666666667,13.273930899685531,107.0,133.0,10.0,4.940616205630355
2023-07-01 10:51:00,Drapetsona Other,1.0996635000000001,10.55,9.881811752711455,132.0,151.0,19.0,6.254010426540285
2023-07-01 10:51:00,Morning Run,1.0883,10.783333333333333,9.994853250267306,132.0,151.0,20.0,6.055455950540958
2023-07-02 10:07:00,Drapetsona Other,2.2804113999999998,28.566666666666666,13.623272538389772,104.0,126.0,15.0,4.789662217036172
2023-07-03 19:39:00,Glyfada Other,0.9925081,11.966666666666667,13.081336558876977,111.0,120.0,9.0,4.976363732590529
2023-07-03 20:51:00,Piraeus Other,0.7166846299999999,6.75,13.115949584912986,107.0,121.0,5.0,6.370530044444443
2023-07-03 22:12:00,Drapetsona Other,1.1437456,13.366666666666667,12.85250864646093,109.0,130.0,10.0,5.134020149625934
2023-07-07 07:26:00,Morning Run day#464,2.0107,24.316666666666666,12.782147695824868,113.0,143.0,23.0,4.961288553803975
2023-07-08 07:15:00,Morning Run day#465#,3.088079,32.53333333333333,10.81578537051679,124.0,150.0,46.0,5.695227663934427
2023-07-09 07:08:00,Morning Run,2.0045,21.15,10.661451596295437,120.0,150.0,26.0,5.686524822695036
2023-07-09 07:08:00,Palaio Faliro Other,2.0487185,20.75,10.413013000730036,120.0,150.0,26.0,5.9240053012048195
2023-07-11 07:53:00,Morning EasyRun day#468 ,3.0684780000000003,32.36666666666667,10.77624365017925,122.0,143.0,42.0,5.688218743563336
2023-07-13 07:36:00,Morning Run day#470##,2.5730112,28.233333333333334,11.2708414765163,117.0,157.0,30.0,5.468028524203069
2023-07-16 07:46:00,Morning Run day#473#,2.0464236000000002,20.266666666666666,10.123352032176872,129.0,150.0,34.0,6.058490921052632
2023-07-21 06:47:00,Morning Run,1.04599,10.733333333333333,10.682546571256143,117.0,139.0,13.0,5.847149068322982
2023-07-23 07:34:47,Week01/02 - GarminCoach,2.51832,29.5,12.009192123872221,117.0,135.0,33.0,5.122006779661017
2023-07-24 06:42:00,Morning Run day#481,1.82498,19.733333333333334,11.020892614714707,87.0,137.0,8.0,5.548925675675676
2023-07-25 06:04:37,Morning Run,1.04887,12.266666666666667,12.213965418746277,107.0,132.0,10.0,5.130342391304348
2023-07-25 06:18:37,Morning Run,1.3871,14.933333333333334,10.81498176929338,125.0,142.0,21.0,5.573169642857143
2023-07-29 11:17:49,Pyrgos - Walk/Run Repeats,0.45,6.183333333333334,24.764735017335315,89.0,106.0,2.0,4.366576819407008
2023-07-31 07:43:46,Morning Run,1.9087100000000001,22.516666666666666,12.111531704235427,105.0,129.0,17.0,5.086125832716506
2023-08-01 06:54:00,Morning Run,2.16477,22.816666666666666,10.666074827506637,112.0,161.0,25.0,5.692601899196494
2023-08-02 06:41:27,Morning Run,2.51748,26.783333333333335,10.77984224692617,113.0,145.0,28.0,5.639656502800249
2023-08-03 06:46:17,myRun 3k,2.99775,31.2,10.493574071033269,130.0,148.0,51.0,5.764903846153846
2023-08-05 06:41:03,Morning Run,2.48,25.816666666666666,10.51485039660123,115.0,147.0,30.0,5.763718528082634
2023-08-07 07:02:44,Morning Run,2.46001,25.883333333333333,10.605485403097743,118.0,145.0,31.0,5.702534449452672
2023-08-09 06:58:14,Morning Run,3.11,31.733333333333334,10.316190197948089,129.0,174.0,58.0,5.880252100840337
2023-08-10 07:22:57,40min TrackRun,3.02399,31.766666666666666,10.623041828142213,123.0,154.0,45.0,5.711628541448059
2023-08-12 06:52:55,GarminCoach,3.11486,31.783333333333335,10.279784905780632,124.0,153.0,49.0,5.8801761929732566
2023-08-16 07:12:16,Morning Run,4.99959,54.2,10.965736153773308,117.0,146.0,65.0,5.53460147601476
2023-08-17 06:45:27,Morning Run,3.9900100000000003,43.766666666666666,11.05624413106921,117.0,150.0,50.0,5.4699299314546845
2023-08-19 06:51:18,Morning Run,5.008970000000001,51.35,10.32755599523404,128.0,154.0,86.0,5.852740019474197
2023-08-22 06:45:47,Morning Run,4.97371,61.61666666666667,12.475237589028596,117.0,148.0,68.0,4.843212334325128
2023-08-24 07:05:21,Morning Run,5.71,61.833333333333336,10.871852797026575,121.0,148.0,83.0,5.540700808625337
2023-08-29 07:16:56,Morning Run,5.00387,56.766666666666666,11.395384942028942,120.0,141.0,71.0,5.288881972988843
2023-09-01 07:16:21,Morning Run,5.84288,65.03333333333333,11.267171197072265,129.0,155.0,108.0,5.3906632496155815
2023-09-02 07:37:26,Morning Run,5.00573,53.78333333333333,10.815103880911344,137.0,160.0,108.0,5.584328478462968
2023-09-03 07:20:00,myRun 42m,2.00521,19.883333333333333,9.99788824604467,132.0,152.0,35.0,6.0509270746018435
2023-09-07 18:30:04,Evening Run,3.35791,47.766666666666666,14.990591155461276,107.0,124.0,35.0,4.217891137473831
2023-09-11 06:06:59,Morning Run,3.9983299999999997,46.983333333333334,11.902032938638117,119.0,146.0,56.0,5.106061724015608
2023-09-15 06:11:14,Morning Run,4.00995,44.88333333333333,11.255246548764358,128.0,150.0,75.0,5.360497586334942
2023-09-16 07:08:15,Morning Run,5.41803,63.516666666666666,11.829298584342888,126.0,149.0,95.0,5.118055103647336
2023-09-17 07:33:45,Morning Run,3.00198,32.666666666666664,10.955888808859774,122.0,147.0,45.0,5.513840816326531
2023-09-21 06:16:42,Morning Run,2.9987600000000003,30.616666666666667,10.311537321320392,129.0,156.0,53.0,5.876720740337507
2023-09-22 06:05:03,Morning Run,4.99847,56.96666666666667,11.556072281475597,129.0,148.0,92.0,5.264626097132827
2023-09-24 06:45:52,Morning Run,2.01435,19.766666666666666,10.35994596252186,125.0,166.0,32.0,6.114384485666104
2023-09-25 06:27:41,Morning Run,2.10043,20.7,10.359735388323596,130.0,154.0,38.0,6.088202898550724
2023-09-29 06:38:12,vo2max train,2.51621,25.9,10.383931323170373,122.0,144.0,34.0,5.829057915057915
2023-10-01 07:04:11,VirtualRun 5k - run4purpose,5.0093000000000005,51.86666666666667,10.428884756964747,129.0,150.0,83.0,5.794820051413883
2023-10-02 06:25:05,vo2max train,3.19823,34.63333333333333,10.872700336897143,124.0,141.0,48.0,5.540725697786334
2023-10-06 06:38:02,vo2max train - Trademill,1.29963,12.466666666666667,9.899728226720883,129.0,146.0,22.0,6.254903743315508
2023-10-07 07:00:12,Morning Run,2.03948,19.883333333333333,9.8657671612652,130.0,155.0,35.0,6.154340318524728
2023-10-08 07:28:06,Morning Run,2.01083,21.616666666666667,10.806428891514996,115.0,143.0,23.0,5.581332305319968
2023-10-09 07:03:57,Morning Run,2.00943,19.8,10.031657906019818,128.0,147.0,32.0,6.089181818181818
2023-10-13 06:38:00,Morning Run,2.05029,20.166666666666668,9.969738255289425,135.0,158.0,40.0,6.100036363636363
2023-10-18 05:19:44,Morning Run,2.11779,22.566666666666666,10.890077388374747,122.0,141.0,29.0,5.630756277695716
2023-10-22 12:39:09,Running,0.0,0.11666666666666667,,80.0,81.0,0.0,0.0
2023-10-29 07:29:15,Morning Run day#580,5.02569,52.43333333333333,10.469011725293132,130.0,147.0,88.0,5.750948506039416
2023-11-03 06:17:01,Morning Run,3.4726,35.46666666666667,10.299163510179033,136.0,151.0,71.0,5.8746992481203
2023-11-04 07:20:11,Drapetsona Running,2.16395,22.933333333333334,10.615711252653927,119.0,147.0,33.0,5.661497093023255
2023-11-06 06:31:12,Drapetsona - Walk/Run Repeats,2.35668,24.066666666666666,10.25010250102501,122.0,138.0,32.0,5.875379501385042
2023-11-20 06:40:37,Drapetsona - Benchmark Run,1.0092,9.733333333333333,9.809691975671964,120.0,139.0,13.0,6.22109589041096
2023-11-24 06:30:52,Drapetsona Running,2.1453,20.6,9.735202492211839,132.0,155.0,40.0,6.2484466019417475
2023-11-25 07:02:10,VO2max -workout,2.00399,20.1,10.168802115110841,123.0,149.0,30.0,5.9820597014925365
2023-11-27 06:29:36,VO2max train2,2.24636,22.383333333333333,10.2880658436214,120.0,146.0,30.0,6.021516008935221
2023-12-23 07:44:57,Drapetsona - W01D2-Intervals,2.03725,22.8,11.291779584462512,104.0,130.0,16.0,5.361184210526315
2023-12-26 08:11:14,Drapetsona - W01D4-Intervals,2.4437399999999996,28.283333333333335,11.638733705772813,101.0,120.0,17.0,5.184127283441366
2023-12-28 08:34:14,Drapetsona - W01D7-Long Run,2.01112,20.483333333333334,10.26904908605463,119.0,142.0,25.0,5.890994304312449
2023-12-30 08:09:17,Drapetsona - W02D2-Intervals,2.09788,22.116666666666667,10.602205258693807,124.0,147.0,31.0,5.691309721175584
2024-01-09 16:47:19,Glyfada - 10min tempo,2.4525300000000003,30.783333333333335,13.113034356150015,100.0,116.0,18.0,4.7802425554953984
2024-01-25 06:15:33,Morning Run,0.47176,5.516666666666667,11.268875366238449,85.0,96.0,1.0,5.130924471299094
2024-01-25 07:58:17,Morning Run,0.29634,3.216666666666667,10.575296108291033,74.0,82.0,0.0,5.527585492227979
2024-01-29 08:48:05,Morning Run,0.6283500000000001,7.116666666666666,11.1185234600845,113.0,142.0,7.0,5.2975644028103055
2024-01-29 11:29:28,Lunch Run,0.59302,6.85,11.1333778668448,101.0,120.0,4.0,5.194335766423357
2024-01-31 06:25:28,Morning Run,1.18211,15.25,12.683916793505833,94.0,110.0,7.0,4.6509245901639344
2024-02-05 08:13:11,Morning Run day#676,3.02582,33.55,11.066843736166446,119.0,142.0,41.0,5.411302533532043
2024-02-05 09:00:54,Morning Run,1.00262,14.75,14.581510644502771,91.0,118.0,6.0,4.0784542372881365
2024-02-08 08:03:19,Morning Run,0.97169,11.866666666666667,12.1921482565228,96.0,113.0,6.0,4.913039325842697
2024-02-25 10:01:00,9th Lycabettus Run,5.71512,68.35,12.11922809339843,145.0,161.0,114.0,5.016930504754938
2024-03-15 08:32:00,Morning Run,2.2149099999999997,20.533333333333335,9.223390518354547,135.0,158.0,42.0,6.4721396103896085
2024-03-15 08:32:00,Morning Run day#715,2.2149099999999997,20.533333333333335,9.223390518354547,135.0,158.0,42.0,6.4721396103896085
2024-03-16 09:39:30,Morning Run,2.8234,32.95,11.66316771635176,137.0,155.0,65.0,5.141244309559939
2024-03-16 10:12:27,Morning Run day#716,2.8234,32.95,11.66316771635176,137.0,156.0,65.0,5.141244309559939
2024-03-23 09:47:20,Morning Run,1.27881,13.566666666666666,10.442773600668337,121.0,139.0,17.0,5.655670761670762
2024-03-23 09:47:20,Morning Run,1.27881,13.566666666666666,10.442773600668337,121.0,139.0,17.0,5.655670761670762
2024-03-23 10:23:04,Morning Run,0.85877,10.083333333333334,11.470520761642577,100.0,115.0,6.0,5.110036363636364
2024-03-23 10:23:04,Morning Run,0.85877,10.083333333333334,11.470520761642577,100.0,115.0,6.0,5.110036363636364
2024-03-29 09:47:13,Morning Run,1.35071,17.6,12.051096649795133,96.0,113.0,9.0,4.604693181818182
2024-04-01 09:08:08,Morning Run,0.38664,4.166666666666667,10.78050884001725,97.0,111.0,2.0,5.567615999999999
2024-04-05 06:45:18,Morning Run day #736,1.21755,13.5,10.836584308625921,123.0,138.0,17.0,5.411333333333332
2024-04-07 09:36:40,Morning Run,0.8139500000000001,10.1,11.981787682722262,119.0,142.0,12.0,4.835346534653466
2024-04-09 18:44:01,Evening Run,0.18333000000000002,2.2333333333333334,11.679514132212098,95.0,100.0,1.0,4.925283582089552
2024-04-09 18:57:13,Evening Run,0.88717,10.9,11.778563015312132,101.0,124.0,8.0,4.883504587155963
2024-04-10 06:09:45,Morning Run,1.17971,13.483333333333333,11.330160888284613,87.0,96.0,4.0,5.249636588380717
2024-04-10 19:06:27,Evening Run,1.77083,22.066666666666666,12.174336498660823,94.0,110.0,10.0,4.814945619335347
2024-04-11 06:08:02,Morning Run,1.89904,23.916666666666668,12.35483073881888,93.0,102.0,9.0,4.7641421602787455
2024-04-12 08:17:58,Morning Run,1.13042,11.116666666666667,9.803921568627452,139.0,155.0,25.0,6.101217391304347
2024-04-12 08:29:07,Morning Run day#743,1.13042,11.116666666666667,9.803921568627452,139.0,155.0,25.0,6.101217391304347
2024-04-13 09:30:34,Morning Run,2.4283,25.066666666666666,10.313531353135312,146.0,165.0,62.0,5.812420212765958
2024-04-17 06:23:27,Morning Run,2.02052,21.55,10.488777008600797,123.0,133.0,28.0,5.625577726218097
2024-04-17 06:45:11,Morning Run day#748 - Base,2.02052,21.55,10.488777008600797,123.0,133.0,28.0,5.625577726218097
2024-04-19 06:44:00,Morning Run,1.7195799999999999,18.816666666666666,10.850694444444445,127.0,141.0,27.0,5.483160318866253
2024-04-19 07:02:49,Morning Run day#750,1.7195799999999999,18.816666666666666,10.850694444444445,127.0,142.0,27.0,5.483160318866253
2024-04-22 18:11:04,Evening Run,1.26921,14.083333333333334,10.92896174863388,117.0,153.0,17.0,5.407285207100592
2024-05-02 08:01:08,Morning Run,3.5774299999999997,40.0,11.148272017837234,130.0,139.0,65.0,5.3661449999999995
2024-05-02 08:41:09,Morning Run day#763,3.5774299999999997,40.0,11.148272017837234,130.0,140.0,65.0,5.3661449999999995
2024-05-04 07:53:37,Morning Run,4.99856,59.666666666666664,11.630611770179112,117.0,137.0,67.0,5.0264849162011185
2024-05-04 08:53:17,Morning Run day #765,4.99856,59.666666666666664,11.630611770179112,117.0,137.0,67.0,5.0264849162011185
2024-05-13 18:50:39,Evening Run,1.04216,11.2,11.165453372675925,130.0,146.0,19.0,5.583
2024-05-14 06:59:40,Morning Run,2.25373,24.283333333333335,11.148644882214567,124.0,143.0,32.0,5.568584763212079
2024-05-15 20:41:12,Night Run,1.23652,13.35,10.943767050799458,130.0,152.0,22.0,5.557393258426966
2024-05-17 07:40:07,Morning Run,2.75407,30.233333333333334,11.25217664918146,120.0,153.0,40.0,5.465629547960308
2024-05-24 07:53:09,HIIT track,1.58609,16.933333333333334,10.993034923003135,121.0,140.0,21.0,5.6200039370078745
2024-05-27 08:20:54,Morning Run,1.1477,12.15,10.693211151847256,125.0,139.0,17.0,5.667654320987654
2024-05-31 11:15:00,RunVo2max,2.67484,30.0,12.663022805876137,140.0,166.0,73.0,5.34968
2024-06-01 19:00:23,Drapetsona - Fitness Test - Sample Workout,1.50335,18.366666666666667,13.445443593285118,106.0,137.0,15.0,4.911125226860254
2024-06-01 19:52:58,Evening ShortIntervals,0.31097,4.183333333333334,15.88534744130102,71.0,102.0,0.0,4.460127490039841
2024-06-03 08:39:14,Morning Run,0.57464,7.183333333333334,11.566042100393245,108.0,128.0,5.0,4.7997772621809744
2024-06-03 08:46:27,Morning Run,0.57464,7.183333333333334,11.566042100393245,108.0,128.0,5.0,4.7997772621809744
2024-06-06 03:00:00,5χλμ RUN GREECE ΠΕΙΡΑΙΑΣ,5.0047314,30.033333333333335,7.859907523472042,,,111.0,9.998353518312985
2024-06-06 03:00:00,Early morning Run,5.00091,7.05,6.579813133307014,,,33.0,42.56093617021277
2024-06-08 07:38:29,Morning Run,1.60098,16.65,10.212418300653594,120.0,136.0,20.0,5.769297297297298
2024-06-09 11:05:05,Lunch Run,1.15159,13.416666666666666,11.253657438667567,122.0,137.0,17.0,5.149967701863354
2024-06-14 10:01:55,Morning Run,0.80096,8.916666666666666,10.13787510137875,108.0,123.0,7.0,5.38963738317757
2024-06-15 07:45:46,Morning Run,2.22112,25.783333333333335,11.566042100393245,131.0,151.0,46.0,5.16873432449903
2024-06-19 19:25:40,Evening Run,0.79688,11.883333333333333,14.00560224089636,94.0,109.0,5.0,4.023517531556803
2024-06-21 08:29:14,Morning Run,3.28816,40.95,12.327416173570018,134.0,156.0,82.0,4.817816849816849
2024-06-22 20:36:00,Night Run,4.035159999999999,51.016666666666666,12.309207287050715,144.0,162.0,101.0,4.745696177719698
2024-06-26 07:48:23,Morning Run,2.04133,22.533333333333335,10.676916506512919,122.0,151.0,35.0,5.435494082840236
2024-06-28 07:17:00,Morning Run,2.27263,16.816666666666666,9.082652134423252,121.0,150.0,25.0,8.10849157581764
2024-07-03 07:30:38,Morning Run,1.99854,23.016666666666666,11.462631820265933,130.0,152.0,39.0,5.209807385952209
2024-07-07 08:08:39,Morning Run,2.27429,27.066666666666666,11.896264572924101,126.0,147.0,41.0,5.0415295566502465
2024-07-12 07:42:55,Morning Run,1.5431400000000002,16.016666666666666,10.390689941812136,128.0,158.0,27.0,5.780753381893861
2024-07-14 08:24:28,Morning Run,2.0771100000000002,21.9,10.53518752633797,133.0,148.0,40.0,5.690712328767124
2024-07-19 07:17:00,Morning Run,3.0172,14.216666666666667,8.975049362771495,126.0,146.0,21.0,12.733786635404453
2024-07-20 07:55:14,myRun-2k (trackRun),2.04533,21.683333333333334,10.588733587462938,129.0,149.0,35.0,5.65963720215219
2024-07-26 07:50:29,Morning Run,1.5371199999999998,17.6,10.582010582010582,116.0,143.0,19.0,5.240181818181817
2024-07-29 06:48:39,Morning Run,2.66792,32.4,11.887779362815026,115.0,133.0,34.0,4.940592592592593
2024-07-30 08:06:18,Morning Run,2.24105,25.166666666666668,11.1781801922647,118.0,136.0,30.0,5.3429006622516555
2024-07-31 07:21:53,Pyrgos Track Running,1.22,12.3,10.094891984655764,130.0,147.0,21.0,5.951219512195121
2024-08-02 07:03:42,Morning Run,2.17181,22.883333333333333,10.53518752633797,121.0,146.0,30.0,5.694476329206117
2024-08-04 06:59:26,Morning Run,1.4011900000000002,15.616666666666667,10.964912280701753,119.0,148.0,20.0,5.3834407684098196
2024-08-04 07:46:35,Morning Run,1.13791,14.683333333333334,12.35483073881888,95.0,110.0,7.0,4.649802497162315
2024-08-05 07:06:19,Morning Run,2.46947,26.116666666666667,10.575296108291033,128.0,156.0,43.0,5.673319719208679
2024-08-06 07:12:12,Morning Run,2.18677,22.916666666666668,10.515247108307046,129.0,154.0,39.0,5.725361454545454
2024-08-07 07:04:29,Morning Run,3.00523,31.05,10.410160316468874,132.0,156.0,54.0,5.807207729468599
2024-08-08 07:13:08,Morning Run,2.1123000000000003,23.016666666666666,10.815487778498811,126.0,149.0,37.0,5.506357711803043
2024-08-09 07:14:08,Morning Run,2.1037600000000003,22.816666666666666,10.787486515641856,123.0,145.0,32.0,5.532166544923302
2024-08-12 07:02:29,Morning Run,2.10946,21.85,10.332713370531103,115.0,140.0,24.0,5.7925675057208235
2024-08-13 07:21:36,Morning Run,3.00745,30.716666666666665,10.206164523372117,129.0,147.0,51.0,5.874563212154097
2024-08-14 07:13:09,Morning Run,1.5810899999999999,17.566666666666666,10.808473843493298,108.0,125.0,15.0,5.400307400379507
2024-08-19 06:59:55,Morning Run,3.05048,31.166666666666668,10.175010175010176,136.0,153.0,62.0,5.872581818181818
2024-08-20 07:56:09,Morning Run,2.24233,21.883333333333333,9.712509712509712,134.0,157.0,43.0,6.148048743335872
2024-08-22 07:16:05,Morning Run,2.17821,22.733333333333334,10.455876202425763,125.0,147.0,36.0,5.748941348973607
2024-08-23 07:35:02,Morning Run,5.087470000000001,55.86666666666667,10.964912280701753,127.0,150.0,92.0,5.463869928400955
2024-08-31 07:53:48,Morning Run,3.2857600000000002,37.9,11.462631820265933,115.0,144.0,42.0,5.201730870712402
2024-09-01 08:56:53,Morning Run,0.84317,8.9,10.390689941812136,101.0,128.0,6.0,5.68429213483146
2024-09-08 09:43:35,Morning Run,1.79602,19.916666666666668,11.140819964349378,116.0,136.0,22.0,5.410604184100418
2024-09-09 06:58:21,Morning Run,2.3566100000000003,24.616666666666667,10.97377504797076,113.0,139.0,24.0,5.743937711577522
2024-09-09 06:58:21,Morning Run,2.3566100000000003,24.933333333333334,10.766580534022394,113.0,139.0,25.0,5.670986631016043
2024-09-15 07:11:00,Morning Run,5.08609,58.11666666666667,11.368804001819008,118.0,138.0,65.0,5.250910238026957
2024-09-20 06:43:05,Morning Run,3.58065,42.3,11.66316771635176,113.0,136.0,42.0,5.078936170212766
2024-09-22 19:42:35,Evening Run,2.2666,25.866666666666667,11.657530659888513,133.0,153.0,47.0,5.257577319587629
2024-09-26 19:07:12,Evening Run @Middelfart,1.78638,23.116666666666667,11.82033096926714,121.0,142.0,30.0,4.636602739726028
2024-10-04 08:09:22,Morning Run,3.14589,35.11666666666667,11.956001912960307,109.0,137.0,30.0,5.375037494067395
2024-10-06 08:53:53,Morning Run,5.004689999999999,63.78333333333333,12.693577050012694,117.0,135.0,69.0,4.707834857590802
2024-10-07 08:29:07,Morning Run,2.0314,23.7,11.66316771635176,111.0,131.0,22.0,5.142784810126583
2024-10-10 06:01:44,Morning Run,1.19825,15.833333333333334,12.607160867372667,87.0,94.0,5.0,4.540736842105264
2024-10-10 06:01:44,Morning Run,1.19825,15.833333333333334,12.607160867372667,87.0,94.0,5.0,4.540736842105264
2024-10-10 16:56:15,Afternoon Run,1.00089,12.25,12.016342225426579,98.0,111.0,7.0,4.902318367346939
2024-10-10 16:56:15,Afternoon Run,1.00089,12.25,12.016342225426579,98.0,111.0,7.0,4.902318367346939
2024-10-12 12:24:06,Lunch Run,2.99519,32.166666666666664,10.73191672032625,127.0,150.0,54.0,5.586882901554405
2024-10-14 08:43:13,Morning Run,1.28726,14.116666666666667,10.957703265395573,117.0,136.0,16.0,5.471234946871311
2024-10-14 08:43:13,Morning Run,1.28726,14.116666666666667,10.957703265395573,117.0,136.0,16.0,5.471234946871311
2024-10-18 07:19:14,Morning Run,1.2656500000000002,14.966666666666667,11.622501162250115,115.0,137.0,16.0,5.073875278396438
2024-10-20 10:53:10,Morning Run,3.64674,42.88333333333333,11.51808339092375,130.0,147.0,71.0,5.102317916828604
2024-10-26 11:19:18,Lunch Run,1.76945,22.666666666666668,12.0598166907863,132.0,147.0,42.0,4.683838235294117
2024-10-26 11:19:18,Lunch Run,1.76945,22.666666666666668,12.0598166907863,132.0,147.0,42.0,4.683838235294117
2024-10-27 10:22:20,Morning Run,3.4748200000000002,48.86666666666667,13.238019592268996,114.0,136.0,51.0,4.266491132332879
2024-10-27 10:22:20,Morning Run,3.4748200000000002,48.86666666666667,13.238019592268996,114.0,136.0,51.0,4.266491132332879
2024-11-02 12:27:47,Lunch Run,1.74215,24.233333333333334,12.183235867446394,115.0,138.0,25.0,4.31343878954608
2024-11-04 08:39:06,Morning Run,2.0025,24.4,11.68770453482936,125.0,142.0,34.0,4.924180327868853
2024-11-08 08:30:19,Morning Run,0.9939199999999999,11.733333333333333,10.964912280701753,94.0,122.0,5.0,5.082545454545454
2024-11-09 12:46:01,Lunch Run,2.6800900000000003,33.083333333333336,12.272950417280315,127.0,146.0,51.0,4.8606166246851386
2024-11-10 10:00:01,Morning Run,3.24564,42.61666666666667,12.790995139421847,128.0,148.0,67.0,4.569536175205318
2024-11-14 05:58:18,Morning Run,2.01261,27.85,13.473457289140391,98.0,107.0,13.0,4.335964093357271
2024-11-17 12:10:06,Lunch Run,2.56035,29.916666666666668,11.407711613050422,131.0,146.0,52.0,5.134963788300836
2024-11-18 08:34:25,Morning Run,2.0086500000000003,23.5,11.671335200746967,133.0,145.0,40.0,5.128468085106384
2024-11-20 08:03:15,Morning Run,2.09624,24.683333333333334,11.614401858304296,124.0,149.0,37.0,5.09551924375422
2024-11-22 11:31:47,Lunch Run,2.03475,23.9,11.54201292705448,131.0,161.0,45.0,5.1081589958158995
2024-11-24 11:29:30,Lunch Run,3.05192,36.916666666666664,12.0598166907863,134.0,146.0,66.0,4.960231151241535
2024-11-29 11:06:24,Lunch Run,1.5218399999999999,18.483333333333334,12.094823415578134,127.0,141.0,28.0,4.940147880973849
2024-12-02 08:26:24,Morning Run,2.05009,23.75,11.574074074074074,114.0,142.0,26.0,5.179174736842105
2024-12-06 16:07:01,Afternoon Run,2.5834699999999997,31.033333333333335,12.37317495669389,120.0,140.0,37.0,4.9948936627282485
2024-12-12 10:18:08,Morning Run,2.00944,23.233333333333334,11.558021266759132,130.0,151.0,40.0,5.189371592539455
2024-12-14 10:52:34,Morning Run,3.214,37.6,11.679514132212098,131.0,154.0,66.0,5.128723404255319
2024-12-16 08:29:40,Morning Run,2.0085,22.4,11.148272017837234,105.0,137.0,17.0,5.379910714285716
2024-12-20 08:23:28,Morning Run,3.0797,35.81666666666667,11.574074074074074,132.0,146.0,62.0,5.159106561191251
2024-12-22 10:59:38,Morning Run,3.1035,35.6,11.446886446886447,137.0,160.0,70.0,5.230617977528089
2024-12-24 16:30:12,Afternoon Run,3.46624,44.68333333333333,12.703252032520323,114.0,137.0,47.0,4.654406564714659
2024-12-27 12:51:35,Drapetsona Running,4.00172,47.71666666666667,12.0598166907863,123.0,147.0,65.0,5.031851903597624
2024-12-27 12:51:35,Lunch Run,4.00172,47.96666666666667,12.227928588897042,123.0,144.0,66.0,5.005626129256427
2024-12-28 16:10:44,Afternoon Run,0.9108099999999999,11.583333333333334,12.281994595922379,91.0,100.0,4.0,4.717864748201438
2024-12-30 16:08:28,Afternoon Run,3.35453,40.06666666666667,12.183235867446394,122.0,143.0,53.0,5.023422628951747
2025-01-02 08:30:51,Morning Run,2.4626300000000003,28.266666666666666,11.462631820265933,121.0,133.0,34.0,5.227280660377359
2025-01-03 08:28:46,Morning Run,2.0999899999999996,24.4,11.614401858304296,116.0,131.0,28.0,5.1639098360655735
2025-01-04 13:43:59,Lunch Run,2.06091,23.75,11.345586566825505,110.0,132.0,20.0,5.206509473684211
2025-01-06 08:39:55,Morning Run,2.34133,27.383333333333333,11.695906432748536,124.0,137.0,36.0,5.13012051125989
2025-01-10 08:29:01,Morning Run,2.53377,30.566666666666666,12.0598166907863,121.0,147.0,43.0,4.973594329334787
2025-01-11 12:22:30,Lunch Run,1.4980499999999999,18.616666666666667,12.35483073881888,123.0,135.0,25.0,4.828093106535363
2025-01-17 08:27:09,Morning Run #1023,3.39034,43.53333333333333,12.72264631043257,132.0,148.0,78.0,4.672750382848393
2025-01-19 09:22:33,Morning Run day#1025,3.6281,48.35,13.471082153313686,120.0,134.0,58.0,4.502295760082729
2025-01-24 08:49:12,Morning Run day#1030,2.12598,25.0,11.71234481143125,125.0,138.0,35.0,5.102352000000001
2025-01-27 08:37:33,Morning Run day#1033,2.14573,25.2,11.745360582569884,125.0,141.0,36.0,5.108880952380952
2025-01-31 08:51:04,Morning Run,2.43491,30.15,12.35483073881888,131.0,141.0,50.0,4.845592039800995
2025-02-03 08:32:56,Morning Run,2.00652,24.533333333333335,12.174336498660823,125.0,135.0,35.0,4.90725
2025-02-07 08:47:44,Morning Run day#1044,3.02346,36.833333333333336,12.14771622934888,134.0,155.0,72.0,4.925093212669683
2025-02-09 09:46:06,Morning Run,3.2854200000000002,43.333333333333336,12.87001287001287,122.0,137.0,57.0,4.549043076923077
2025-02-15 09:42:48,Morning Run,2.03325,22.95,11.299435028248586,134.0,144.0,43.0,5.315686274509804
2025-02-16 10:06:27,Morning Run day#1053,2.04138,24.4,11.947431302270012,130.0,139.0,40.0,5.019786885245903
2025-02-21 08:56:49,Morning Run day#1057,2.23304,26.383333333333333,11.71234481143125,139.0,155.0,59.0,5.078296904611497
2025-02-22 09:20:40,Morning Run,2.08649,23.866666666666667,11.439029970258522,135.0,145.0,45.0,5.245365921787709
2025-02-24 08:37:30,Morning Run,2.0298599999999998,23.733333333333334,11.68770453482936,126.0,138.0,32.0,5.131668539325842
2025-02-27 08:36:50,Morning Run,2.20083,27.083333333333332,12.300123001230013,128.0,140.0,42.0,4.875684923076923
2025-03-01 09:21:04,Morning Run,2.18008,26.433333333333334,12.112403100775195,124.0,135.0,36.0,4.948479192938209
2025-03-07 08:30:05,Morning Run #1041,2.18693,26.0,11.870845204178538,128.0,141.0,40.0,5.046761538461538
2025-03-09 10:48:56,Morning Run #1043,3.47911,45.05,12.85016705217168,132.0,147.0,78.0,4.633664816870144
2025-03-10 08:28:03,Morning Run #1044,1.474,19.733333333333334,13.37613697164259,117.0,129.0,21.0,4.481756756756757
2025-03-14 08:28:24,Morning Run,2.04571,22.533333333333335,11.001100110011002,140.0,152.0,50.0,5.447156804733727
2025-03-16 08:59:50,Morning Run,2.04198,23.116666666666667,11.1781801922647,129.0,144.0,37.0,5.3000201874549395
2025-03-21 08:42:15,Morning Run #1086,2.4045300000000003,28.25,11.737089201877934,134.0,156.0,57.0,5.106966371681416
2025-03-26 08:27:50,Morning Run,2.00311,24.166666666666668,12.068549360366884,124.0,133.0,32.0,4.973238620689655
2025-03-28 08:35:17,Morning Run,1.14342,12.483333333333333,10.92896174863388,135.0,154.0,24.0,5.495743658210949
2025-04-03 08:30:01,Morning Run #1099,2.01175,23.183333333333334,11.49425287356322,131.0,145.0,40.0,5.206542056074767
2025-04-07 08:34:53,Morning Run,2.006,22.466666666666665,11.215791834903545,122.0,140.0,29.0,5.3572700296735905
2025-04-11 08:35:06,Morning Run,2.3894699999999998,27.416666666666668,11.470520761642577,127.0,149.0,45.0,5.229235258358662
2025-04-14 08:03:38,Morning Run,2.0848400000000002,22.533333333333335,10.808473843493298,129.0,149.0,38.0,5.551349112426036
2025-04-15 07:58:58,Morning Run day#1111,3.00977,34.45,11.486331265793705,132.0,148.0,60.0,5.241979680696661
2025-04-16 08:37:43,Morning Run day #1112,2.0641,23.133333333333333,11.208249271463796,127.0,149.0,36.0,5.3535734870317
2025-04-19 07:24:35,Morning Run day#1115,5.013739999999999,59.88333333333333,11.803588290840416,115.0,131.0,59.0,5.023507932090174
2025-04-23 08:00:30,Morning Run day #1119,2.0526999999999997,23.683333333333334,11.54201292705448,131.0,148.0,40.0,5.200365939479239
2025-04-26 07:59:24,Morning Run day#1122,2.02821,22.8,11.223344556677889,124.0,140.0,31.0,5.337394736842105
2025-04-30 08:34:12,Morning Run #1126,2.24331,25.766666666666666,11.486331265793705,117.0,145.0,29.0,5.223749029754205
2025-05-04 10:24:29,Morning Run #1130,2.64492,31.8,11.870845204178538,123.0,133.0,41.0,4.990415094339622
2025-05-08 08:20:07,Morning Run,2.18007,25.3,11.431184270690444,121.0,141.0,33.0,5.170126482213439
2025-05-11 09:59:47,Morning Run day#1137,3.1329499999999997,37.35,11.845534233593934,126.0,143.0,55.0,5.032851405622489
2025-05-13 08:30:53,Morning Run,2.43491,27.7,11.384335154826958,127.0,143.0,43.0,5.274173285198556
2025-05-15 07:07:52,Morning Run day #1141,2.0336600000000002,22.116666666666667,10.879025239338555,131.0,151.0,37.0,5.517088168801809
2025-05-20 06:49:21,Morning Run day #1146,2.58464,28.533333333333335,11.030222810500772,124.0,142.0,40.0,5.434990654205607
2025-05-26 07:00:06,Morning Run,2.005,21.516666666666666,10.738831615120274,127.0,138.0,32.0,5.591014717273431
2025-06-01 07:18:33,Morning Run,3.19585,37.333333333333336,11.54201292705448,117.0,137.0,43.0,5.1361875
2025-06-04 06:53:44,Morning Run day#1161,3.33812,39.21666666666667,11.71234481143125,122.0,143.0,50.0,5.107195920101997
2025-06-06 07:01:17,Morning Run,2.09878,25.533333333333335,11.811953697141508,113.0,136.0,24.0,4.931859007832898
2025-06-08 08:06:16,Morning Run,4.03748,49.13333333333333,12.086052695189752,123.0,144.0,64.0,4.9304369063772056
2025-06-09 07:19:52,Morning Run,2.68487,33.2,12.35483073881888,117.0,127.0,36.0,4.852174698795181
2025-06-11 07:22:45,Morning Run Δαυ#1168,3.0347399999999998,34.35,11.246063877642825,122.0,147.0,48.0,5.300855895196506
2025-06-15 08:03:53,Morning Run #1172,2.67368,31.233333333333334,11.614401858304296,121.0,141.0,38.0,5.136204909284952
2025-06-17 07:22:01,Morning Run,3.00332,34.8,11.59823706796567,122.0,136.0,46.0,5.178137931034483
2025-06-19 07:00:32,Morning Run,2.21801,25.65,11.55001155001155,121.0,136.0,33.0,5.188327485380118
2025-06-20 07:44:48,Morning Run,3.0241100000000003,36.63333333333333,12.051096649795133,123.0,144.0,50.0,4.953046405823477
2025-06-23 07:30:56,Morning Run #1080,2.6696999999999997,31.316666666666666,12.014737084271774,116.0,133.0,35.0,5.114912187333688
2025-06-25 07:34:49,Morning Run #1082,2.05998,23.533333333333335,11.42334932602239,122.0,152.0,33.0,5.2520736543909345
2025-06-28 07:44:25,Morning Run,2.01187,23.183333333333334,11.502185415228894,128.0,145.0,36.0,5.2068526240115025
2025-06-29 07:27:39,Morning Run,3.34419,39.5,11.77024482109228,120.0,135.0,48.0,5.079782278481013
2025-07-01 07:37:54,Morning Run #1188,3.12813,39.28333333333333,12.291052114060962,128.0,145.0,60.0,4.777797199830293
2025-07-02 07:38:23,Morning Run #1179,2.02384,23.25,11.42334932602239,125.0,144.0,32.0,5.222812903225806
2025-07-04 08:05:18,Morning Run #1192,1.08581,12.1,11.140819964349378,123.0,137.0,16.0,5.384181818181818
2025-07-06 08:20:55,Morning Run #1194,3.47106,41.55,11.853959222380276,128.0,144.0,64.0,5.012361010830325
2025-07-09 07:49:04,Morning Run,2.0093,22.75,11.376110786209386,124.0,137.0,32.0,5.299252747252748
2025-07-11 07:18:52,Morning Run,3.11848,38.28333333333333,12.04238921001927,120.0,134.0,45.0,4.887474096647802
2025-07-13 07:55:46,Morning Run,4.01448,47.71666666666667,11.795234725171031,123.0,139.0,60.0,5.047896611945511
2025-07-15 07:37:43,Morning Run #1203,1.78491,20.883333333333333,11.322463768115941,119.0,139.0,25.0,5.128233040702314
2025-07-17 07:30:03,Morning Run,3.3804499999999997,39.266666666666666,11.76430700314373,127.0,142.0,59.0,5.16537351443124
2025-07-18 08:00:41,Morning Run #1206,2.0489499999999996,23.133333333333333,11.299435028248586,132.0,142.0,40.0,5.3142795389048985
2025-07-20 08:02:05,Morning Run,3.67504,46.45,12.41927471435668,135.0,159.0,93.0,4.747091496232509
2025-07-23 08:08:40,Morning Run,1.7821500000000001,20.383333333333333,11.42334932602239,128.0,146.0,33.0,5.245903515944399
2025-07-27 07:49:20,Morning Run day#1215,5.02643,57.45,11.446886446886447,128.0,144.0,89.0,5.249535248041775
2025-07-29 07:52:20,Morning Run,4.138649999999999,49.36666666666667,11.845534233593934,121.0,142.0,61.0,5.030094530722484
2025-08-01 07:52:45,Morning Run #1220,2.02793,22.883333333333333,11.088933244621868,124.0,142.0,32.0,5.31722359796067
2025-08-03 08:14:08,Morning Run,6.023359999999999,70.01666666666667,11.446886446886447,128.0,143.0,107.0,5.161651035467746
2025-08-05 07:43:31,Morning Run,3.0393600000000003,35.516666666666666,11.51808339092375,127.0,137.0,52.0,5.134535898639138
2025-08-08 08:11:39,Morning Run,4.09934,46.15,11.253657438667567,132.0,144.0,80.0,5.329586132177681
2025-08-10 07:52:51,Morning Run,3.4743600000000003,42.45,12.068549360366884,115.0,126.0,43.0,4.910756183745583
2025-08-11 07:08:25,Morning Run day#1130,2.29277,24.266666666666666,10.56859015007398,131.0,140.0,41.0,5.668936813186813
2025-08-12 07:27:29,Morning Run,3.31129,36.416666666666664,10.993843447669304,131.0,143.0,60.0,5.455672311212815
2025-08-13 06:53:14,Morning Run,2.10865,22.133333333333333,10.47559187094071,134.0,162.0,42.0,5.716219879518072
2025-08-14 07:19:26,Morning Run day#1133,3.09544,32.88333333333333,10.622477161674103,135.0,153.0,64.0,5.648040547389762
2025-08-16 06:57:44,Morning Run day#1135,5.00922,58.016666666666666,11.574074074074074,123.0,139.0,77.0,5.18046308532031
2025-08-17 07:37:17,Morning Run day#1136,2.47884,28.166666666666668,11.361054305839582,121.0,142.0,36.0,5.280369230769231
2025-08-19 07:08:41,Morning Run,3.00896,31.883333333333333,10.608953957139827,130.0,149.0,54.0,5.662444328280188
2025-08-22 07:22:15,Morning Run day#1141,3.34854,35.18333333333333,10.52853232259423,139.0,154.0,68.0,5.710442444339176
2025-08-24 07:40:41,Morning Run,1.63802,17.75,10.79447322970639,120.0,141.0,22.0,5.536969014084507
2025-08-25 07:20:19,Morning Run day#1144,2.04621,21.233333333333334,10.3777501037775,129.0,142.0,34.0,5.782069073783359
2025-08-26 07:23:28,Morning Run day#1145,2.17736,23.8,10.871928680147859,125.0,137.0,34.0,5.489142857142857
2025-08-27 07:36:14,Morning Run #1146,2.0594200000000003,21.4,10.332713370531103,132.0,161.0,39.0,5.774074766355142
2025-08-29 07:29:50,Morning Run,2.35488,24.1,10.24380249948781,135.0,144.0,44.0,5.862771784232366
2025-09-02 07:36:28,Morning Run day #152,2.18465,22.883333333333333,10.462439840970914,137.0,149.0,45.0,5.728142753095412
2025-09-03 07:44:01,Morning Run day#1152,3.06697,32.63333333333333,10.642826734780757,140.0,154.0,65.0,5.638964249233912
2025-09-06 07:27:10,Morning Run Day#1156,6.337890000000001,76.16666666666667,12.199086654382189,126.0,143.0,113.0,4.992648577680525
2025-09-08 07:59:53,Morning Run day#1158,4.04031,47.96666666666667,11.728829462819611,122.0,134.0,60.0,5.053897150799165
2025-09-10 07:27:04,Morning Run day#1160,1.68527,17.8,10.541851149061776,131.0,153.0,30.0,5.680685393258426
2025-09-14 08:05:27,Morning Run #1164,3.83311,44.15,11.51012891344383,124.0,142.0,62.0,5.209209513023782
2025-09-15 12:22:00,Lunch Run #day1165,5.06128,62.96666666666667,12.24589762429586,127.0,137.0,92.0,4.822818422445739
2025-09-18 06:37:12,Morning Run Day#1168,2.0613,20.55,9.986019572598362,136.0,160.0,40.0,6.0183941605839415
2025-09-19 06:40:09,Morning Run #1169,2.17752,23.383333333333333,10.636034886194428,129.0,156.0,37.0,5.587364219529579
2025-09-21 07:37:32,Drapetsona Running day#1171,4.00887,45.6,11.407711613050422,119.0,137.0,54.0,5.274828947368421
2025-09-24 06:35:29,Morning Run day#1174,2.08009,22.566666666666666,10.608953957139827,122.0,148.0,28.0,5.530519940915806
2025-09-26 06:28:37,Morning Run Day #1176,2.1045599999999998,22.8,10.649627263045794,125.0,138.0,31.0,5.538315789473684
2025-09-28 09:39:00,Race4Cure,5.08185,63.1,11.938872970391596,135.0,158.0,103.0,4.832187004754358
2025-09-30 08:21:38,Morning Run Day#1180,3.05329,35.75,11.223344556677889,124.0,155.0,52.0,5.124402797202797
2025-10-03 08:19:06,Drapetsona Running Day#1283,2.04145,21.45,10.508617065994114,134.0,146.0,38.0,5.710349650349651
2025-10-05 07:39:09,Drapetsona Running Day#1285,2.33685,26.15,11.081560283687942,126.0,144.0,38.0,5.361797323135756
2025-10-08 08:22:00,Morning Run Day#1288,2.05172,22.166666666666668,10.738831615120274,129.0,141.0,36.0,5.553527819548872
2025-10-09 08:13:29,Morning Run Day#1289,2.01548,21.183333333333334,10.307153164296022,134.0,144.0,38.0,5.708676632572778
2025-10-10 08:19:27,Morning Run #1290,2.04664,21.7,10.602205258693807,135.0,147.0,41.0,5.658912442396314
2025-10-12 08:03:23,Morning Run Day#1292,4.0036700000000005,45.583333333333336,11.322463768115941,127.0,146.0,69.0,5.269912979890311
2025-10-14 08:13:46,Morning Run Day #1294,3.00403,35.03333333333333,11.454753722794958,128.0,145.0,54.0,5.144865842055186
2025-10-16 08:17:58,Morning Run Day#1296,2.15384,23.133333333333333,10.718113612004288,136.0,149.0,47.0,5.586328530259367
2025-10-17 08:13:22,Morning Run Day#1297,2.37085,25.116666666666667,10.595465140919687,138.0,146.0,51.0,5.663609820836098
2025-10-20 08:57:06,Morning Run,2.00541,21.733333333333334,10.808473843493298,126.0,139.0,32.0,5.536407975460122
2025-10-22 08:15:46,Drapetsona Running Day#1302,2.0654,21.8,10.555203715431707,136.0,150.0,41.0,5.684587155963302
2025-10-24 07:43:03,Morning Run Day#1304,1.58222,17.05,11.1781801922647,123.0,136.0,22.0,5.5679296187683285
2025-10-25 08:11:09,Morning Run Day#1305,2.41398,27.866666666666667,11.470520761642577,122.0,140.0,37.0,5.197564593301435
2025-10-26 07:34:33,Mornig Run day #1306,2.02035,20.433333333333334,10.11326860841424,132.0,148.0,34.0,5.932512234910278
2025-10-30 08:17:18,Morning Run Day#1310,2.01407,20.083333333333332,9.974067424695791,133.0,141.0,36.0,6.017138589211618
2025-10-31 08:23:03,Drapetsona Running Day #1311,1.47884,16.533333333333335,11.030222810500772,120.0,136.0,20.0,5.3667580645161275
2025-11-01 07:59:16,Morning Run Day#1312,2.15983,23.583333333333332,10.879025239338555,119.0,138.0,28.0,5.494973851590106
2025-11-02 07:51:21,Morning Run Day#1313,4.11277,49.05,11.887779362815026,123.0,136.0,65.0,5.03091131498471
2025-11-04 08:16:53,Drapetsona Running Day#1315,2.71074,31.516666666666666,11.502185415228894,125.0,144.0,43.0,5.160583818085669
2025-11-07 08:22:15,Morning Run Day#1318,1.78618,19.933333333333334,11.262907319945926,119.0,139.0,24.0,5.376461538461538
2025-11-09 08:56:20,Drapetsona Running Day#1320,2.37112,26.283333333333335,11.066843736166446,121.0,139.0,32.0,5.412829422954977
2025-11-10 08:21:31,Morning Run Day#1321,2.17213,24.6,11.253657438667567,126.0,142.0,35.0,5.297878048780488
2025-11-11 08:25:56,Drapetsona Running day#1322,1.89941,21.05,11.07419712070875,126.0,140.0,31.0,5.413995249406176
2025-11-13 08:20:03,Drapetsona Running Day#1324,2.03491,20.216666666666665,9.938382031405288,135.0,152.0,38.0,6.039304204451772
2025-11-16 09:15:47,Piraeus Running Day#1327,2.1813800000000003,25.0,11.462631820265933,127.0,131.0,36.0,5.235312
2025-11-18 19:00:51,Evening Run in Munich day#1329,3.05827,34.983333333333334,11.399908800729595,105.0,130.0,25.0,5.245246307765602
2025-11-20 10:37:57,Morning Run,1.61834,16.766666666666666,10.339123242349048,132.0,140.0,28.0,5.7912763419483095
2025-11-23 08:15:32,Morning Run Day#1335,3.02045,33.4,11.015642211940957,121.0,135.0,42.0,5.425958083832335
2025-11-24 08:25:03,Morning Run,2.00989,20.283333333333335,10.082677959265983,133.0,145.0,35.0,5.9454428923582565
2025-11-26 08:45:16,Drapetsona Running Day#1338,2.00293,19.983333333333334,9.968102073365232,136.0,155.0,39.0,6.013801501251043
2025-11-29 08:07:40,Morning Run Day#1341,3.34776,36.13333333333333,10.77354018530489,121.0,149.0,48.0,5.559011070110701
2025-11-30 08:17:20,Morning Run Day#1342,2.28131,23.766666666666666,10.3777501037775,136.0,158.0,46.0,5.759267882187938
2025-12-02 08:20:36,Morning Run #1344,2.02933,22.433333333333334,10.957703265395573,121.0,139.0,29.0,5.42762852897474
2025-12-03 08:19:10,Morning Run Day#1345,2.00949,20.9,10.410160316468874,132.0,144.0,36.0,5.768870813397129
2025-12-06 08:03:38,Morning Run Day#1348,3.0523800000000003,32.38333333333333,10.608953957139827,132.0,152.0,54.0,5.655464745239321
2025-12-07 08:55:39,Morning Run day#1349,3.04629,33.583333333333336,11.030222810500772,133.0,141.0,59.0,5.442503225806451
2025-12-08 08:36:29,Morning Run day#1350,3.20833,34.18333333333333,10.588733587462938,122.0,145.0,45.0,5.631393466601659
2025-12-10 08:21:15,Morning Run Day#1352,2.03247,18.716666666666665,9.132420091324201,138.0,154.0,39.0,6.515487088156724
2025-12-12 08:28:25,Morning Run,2.01029,20.1,9.998000399920016,136.0,157.0,39.0,6.00086567164179
2025-12-15 08:17:54,Morning Run Day#1357,2.04522,20.283333333333335,9.9147332936744,139.0,158.0,43.0,6.049952341824157
2025-12-17 08:16:41,Morning Run Day#1359,2.0058,20.6,10.101010101010102,112.0,141.0,20.0,5.842135922330096
2025-12-22 08:18:38,Morning Run Day#1364,2.0173,21.35,10.56859015007398,125.0,136.0,29.0,5.669227166276347
2025-12-23 08:24:43,Drapetsona Running day#1365,2.03838,20.966666666666665,10.275380189066995,132.0,143.0,35.0,5.833201907790144
2025-12-26 08:48:19,Drapetsona Running Day1368-400k yearly,2.34318,24.516666666666666,10.47559187094071,133.0,150.0,44.0,5.73449898028552
2025-12-29 09:03:44,Drapetsona Running Day#1371,2.2296,23.3,10.442773600668337,134.0,155.0,43.0,5.741459227467811
2025-12-30 08:19:30,Drapetsona Running Day#1372,2.01387,19.2,9.540164090822362,143.0,155.0,46.0,6.293343749999999
2026-01-02 08:26:08,Drapetsona Running Day#1374,2.44157,25.733333333333334,10.541851149061776,133.0,144.0,45.0,5.692779792746114
2026-01-03 08:34:15,Morning Run Day#1375,2.0064,21.2,10.56859015007398,134.0,142.0,38.0,5.678490566037737
2026-01-04 09:13:57,Drapetsona Running Day#1376,2.03021,21.816666666666666,10.74575542660649,136.0,146.0,42.0,5.5834652406417105
2026-01-06 08:48:06,Morning Run day#1378,2.01578,21.783333333333335,10.78050884001725,134.0,141.0,39.0,5.552263198163733
2026-01-08 08:20:23,Morning Run Day#1380,2.0052,21.1,10.52853232259423,137.0,144.0,40.0,5.701990521327014
2026-01-11 08:47:23,Drapetsona Running Day#1383,2.2480700000000002,22.516666666666666,10.01602564102564,135.0,146.0,43.0,5.990415988156921
2026-01-14 08:20:29,Drapetsona Running day#1386,2.0941799999999997,22.05,10.815487778498811,131.0,146.0,37.0,5.698448979591836
2026-01-15 08:16:01,Morning Run Day#1387,2.04226,21.566666666666666,10.53518752633797,133.0,139.0,38.0,5.681712519319938
2026-01-19 08:15:10,Morning Run day#1891,2.01091,20.383333333333333,10.131712259371833,136.0,145.0,39.0,5.919277187244481
2026-01-23 08:22:58,Drapetsona Running Day#1395,3.01662,32.46666666666667,10.759629868732516,135.0,159.0,63.0,5.574862422997947
2026-01-24 08:44:13,Drapetsona Running Day#1396,2.01707,20.933333333333334,10.300782859497321,139.0,150.0,45.0,5.781410828025477
2026-01-28 15:10:31,Sliema Running Day#1400,2.02108,22.633333333333333,11.125945705384957,139.0,151.0,48.0,5.357796759941089
2026-02-01 09:15:27,Drapetsona Running Day#1404,2.00684,21.433333333333334,10.442773600668337,146.0,158.0,53.0,5.617903576982893
2026-02-04 08:25:29,Drapetsona Running Day#1407,2.01032,21.566666666666666,10.738831615120274,134.0,145.0,40.0,5.592853168469861
2026-02-06 08:19:48,Drapetsona Running Day#1409,2.21753,22.666666666666668,10.218679746576743,141.0,150.0,49.0,5.869932352941175
2026-02-08 08:35:41,Morning Run Day#1411,2.10183,22.466666666666665,10.697475395806588,131.0,148.0,38.0,5.61319584569733
2026-02-10 08:16:04,Drapetsona Running Day#1413,2.6550100000000003,27.1,10.16260162601626,139.0,160.0,60.0,5.878250922509225
2026-02-12 08:17:34,Morning Run Day #1415,2.02483,21.266666666666666,10.488777008600797,139.0,151.0,47.0,5.712686520376176
2026-02-14 08:22:53,Drapetsona Running Day#1417,2.56745,28.616666666666667,11.11111111111111,131.0,149.0,48.0,5.3831217239371
2026-02-15 08:21:43,Morning Run Day#1418,2.00631,21.216666666666665,10.555203715431707,139.0,149.0,44.0,5.673775333857031
2026-02-18 08:44:54,Morning Run Day#1421,2.00569,20.966666666666665,10.423181154888473,133.0,150.0,38.0,5.739653418124007
2026-02-19 08:20:52,Drapetsona Running Day#1422,2.01934,22.133333333333333,10.964912280701753,139.0,150.0,47.0,5.474114457831326
2026-02-23 07:59:25,Morning Run Day#1426,1.56846,16.916666666666668,10.787486515641856,132.0,143.0,28.0,5.563010837438424
2026-02-25 08:18:37,Morning Run Day#1428,2.00266,21.133333333333333,10.548523206751053,134.0,148.0,39.0,5.685785488958991
2026-02-26 08:30:56,Morning Run Day#1429,2.0148,20.666666666666668,10.26904908605463,132.0,143.0,36.0,5.849419354838711
2026-03-01 08:21:39,Morning Run Day#1432,2.09816,21.4,10.19367991845056,130.0,138.0,34.0,5.882691588785048
2026-03-03 08:22:00,Morning Run Day #1434,2.02703,20.25,9.992006394884093,133.0,152.0,37.0,6.006014814814814
2026-03-04 08:16:11,Morning Run Day #1435,2.02837,20.316666666666666,10.01602564102564,139.0,148.0,42.0,5.990264150943396
2026-03-05 08:22:56,Morning Run Day#1436,2.78032,29.683333333333334,10.622477161674103,130.0,148.0,50.0,5.619961819202695
2026-03-06 07:53:29,Morning Run Day#1437,2.02652,20.283333333333335,10.01001001001001,138.0,146.0,42.0,5.994635990139687
2026-03-07 08:18:55,Morning Run Day#1438,2.01227,19.416666666666668,9.656237929702588,143.0,150.0,46.0,6.21817339055794
2026-03-08 08:01:44,Morning Run Day#1439,1.61948,15.383333333333333,9.44822373393802,142.0,149.0,35.0,6.316498374864572
2026-03-11 08:19:58,Drapetsona Running Day#1442,2.00127,20.016666666666666,9.956192751891678,137.0,151.0,39.0,5.998810990840966
2026-03-12 08:18:31,Drapetsona Running Day#1443,2.2644,22.65,9.968102073365232,138.0,149.0,48.0,5.99841059602649
2026-03-13 08:19:52,Drapetsona Running Day#1444,2.07219,18.55,9.062896501721951,143.0,153.0,43.0,6.702501347708894
2026-03-15 08:27:05,Drapetsona Running Day#1446,2.0313499999999998,18.85,9.285051067780874,136.0,145.0,37.0,6.465835543766577
2026-03-16 08:20:26,Drapetsona Running Day#1447,1.4127,13.05,9.238728750923872,136.0,147.0,25.0,6.495172413793104
2026-03-18 08:28:58,Drapetsona Running Day#1449,2.0685100000000003,19.75,9.551098376313275,138.0,143.0,40.0,6.284081012658229
2026-03-21 08:07:02,Drapetsona Running Day#1452,2.01263,21.2,10.488777008600797,136.0,149.0,40.0,5.696122641509435
2026-03-23 08:20:50,Morning Run Day #1454,2.1862199999999996,21.583333333333332,9.850275807722618,136.0,148.0,43.0,6.077522779922779
2026-03-26 08:19:46,Drapetsona Running Day1457,2.00462,19.733333333333334,9.827044025157232,136.0,142.0,39.0,6.095128378378378
2026-03-27 08:22:53,Morning Run Day#1458,2.00635,20.4,10.175010175010176,136.0,143.0,39.0,5.901029411764706
2026-03-29 07:56:41,Drapetsona Running Day#1460,2.05504,21.416666666666668,10.004001600640256,131.0,145.0,36.0,5.757310505836576
2026-03-30 08:27:57,Drapetsona Running Day#1461,2.15683,21.3,9.879470460383322,141.0,153.0,47.0,6.075577464788731
2026-03-31 08:15:49,Drapetsona Running Day#1462,2.00604,19.366666666666667,9.62278675904542,143.0,150.0,46.0,6.214925989672978
2026-04-03 08:12:45,Drapetsona Running Day#1465,2.0045699999999997,20.183333333333334,10.064412238325282,133.0,141.0,35.0,5.959085053674648
2026-04-04 08:10:47,Morning Run Day#1466,3.05775,31.066666666666666,10.150223304912709,138.0,154.0,61.0,5.905525751072961
2026-04-05 08:31:32,Drapetsona Running Day#1466,2.8249899999999997,28.866666666666667,10.224948875255624,139.0,152.0,61.0,5.871803695150115
2026-04-06 08:10:19,Drapetsona Running Day#1467,2.02821,20.033333333333335,9.88533017002768,134.0,160.0,37.0,6.0745058236272875
2026-04-08 11:48:44,Pyrgos Running Day#1469,3.32886,36.733333333333334,11.037527593818986,136.0,155.0,72.0,5.4373393829401095
2026-04-09 09:08:30,Pyrgos Track Running Day#1470,2.1270599999999997,22.016666666666666,10.358400662937642,135.0,142.0,40.0,5.796681302043906
2026-04-11 08:52:55,Morning Run Day#1472,2.3158600000000003,23.383333333333333,10.058338362502514,130.0,140.0,38.0,5.942334996436209
2026-04-13 08:51:25,Pyrgos Running Day#1474,2.01506,20.966666666666665,10.206164523372117,127.0,138.0,31.0,5.766467408585057
2026-04-14 08:34:21,Pyrgos Track Running Day#1475,2.12419,20.8,9.792401096748923,141.0,169.0,47.0,6.1274711538461535
2026-04-16 08:09:16,Morning Run Day#1477,2.0083699999999998,20.05,9.986019572598362,129.0,150.0,32.0,6.010084788029925
2026-04-17 07:47:46,Morning Run Daay#1478,2.06963,21.066666666666666,10.187449062754688,126.0,136.0,30.0,5.89451582278481
2026-04-19 08:24:41,Morning Run Day#1480,4.01241,43.983333333333334,10.907504363001745,130.0,151.0,71.0,5.473541492989769
2026-04-20 08:17:56,Drapetsona Running Day#1481,2.05002,20.316666666666666,9.9147332936744,131.0,143.0,34.0,6.054201804757999
2026-04-21 08:10:36,Drapetsona Running Day#1482,2.23441,22.266666666666666,9.968102073365232,126.0,142.0,32.0,6.020865269461078
2026-04-24 08:02:42,Morning Run #1485,2.02943,20.566666666666666,10.101010101010102,128.0,138.0,30.0,5.920541329011345
2026-04-26 08:28:25,Morning Run Day#1487,2.33673,25.05,10.711225364181663,127.0,143.0,38.0,5.596958083832336
2026-04-28 08:16:10,Morning Run Day#1499,2.0604299999999998,19.716666666666665,9.573042312847024,133.0,146.0,35.0,6.270116652578191
2026-04-29 08:19:47,Morning Run Day#1500,2.0752800000000002,21.233333333333334,10.199918400652795,131.0,152.0,36.0,5.864213500784929
2026-05-01 07:42:41,Morning Run Day#1502,2.03769,20.266666666666666,9.897070467141727,132.0,156.0,36.0,6.032634868421052
2026-05-02 07:35:33,Drapetsona Running Day#1503,2.0911999999999997,20.416666666666668,9.667440061871616,135.0,150.0,39.0,6.145567346938774
2026-05-03 08:21:39,Morning Run,5.00538,54.13333333333333,10.79447322970639,131.0,145.0,91.0,5.547834975369458
2026-05-05 08:30:13,Morning Run,2.42516,25.716666666666665,10.56859015007398,132.0,147.0,44.0,5.6581827608554764
2026-05-07 08:18:57,Morning Run,2.33081,23.316666666666666,10.004001600640256,128.0,143.0,36.0,5.997795568263045
2026-05-08 08:19:07,Morning Run Day#1500new,2.0970500000000003,20.516666666666666,9.780907668231611,137.0,147.0,40.0,6.1327213647441114
2026-05-09 07:45:36,Morning Run,1.57048,16.016666666666666,10.064412238325282,130.0,144.0,26.0,5.883171696149844
2026-05-10 08:22:33,Morning Run Day#1502,3.06827,34.13333333333333,11.1333778668448,124.0,133.0,45.0,5.393443359375
2026-05-11 08:17:43,Morning Run Day#1503,1.0520999999999998,10.65,10.13787510137875,127.0,137.0,16.0,5.92732394366197
2026-05-13 08:15:41,Morning Run #1505,1.82963,18.35,10.040160642570282,133.0,150.0,32.0,5.982441416893733
2026-05-15 08:18:31,Morning Run,1.6957,16.483333333333334,9.735202492211839,140.0,149.0,35.0,6.172416582406471
2026-05-16 08:04:44,Morning Run,2.01419,21.5,10.52188552188552,132.0,145.0,38.0,5.6209953488372095
2026-05-17 08:18:32,Morning Run,3.29383,33.583333333333336,10.449320794148381,132.0,146.0,58.0,5.884758312655086
2026-05-20 08:18:51,Morning Run,2.02711,19.5,9.62278675904542,138.0,150.0,40.0,6.237261538461538
2026-05-21 08:12:23,Morning Run,2.09372,19.833333333333332,9.780907668231611,129.0,139.0,31.0,6.333942857142857
2026-05-22 02:16:48,Early morning Run,2.06163,19.983333333333334,9.74089226573154,135.0,144.0,37.0,6.1900483736447045
2026-05-24 08:36:08,Morning Run,3.1663,33.5,10.582010582010582,129.0,161.0,56.0,5.6709850746268655
2026-05-25 08:27:23,Drapetsona Running Day#1517,1.51198,15.333333333333334,10.058338362502514,129.0,140.0,24.0,5.916443478260869
2026-05-27 08:06:05,Morning Run Day#1519,3.14784,34.1,10.836584308625921,131.0,143.0,57.0,5.538721407624633
2026-05-28 07:58:31,Morning Run  Day#1520,1.8464200000000002,20.1,10.90037061260083,130.0,143.0,32.0,5.511701492537314
2026-05-29 07:58:12,Morning Run,1.13149,11.083333333333334,9.803921568627452,123.0,137.0,15.0,6.125359398496241
2026-05-31 08:08:19,Drapetsona Running Day#1523,3.58594,38.45,10.704345964461572,124.0,142.0,53.0,5.5957451235370606
2026-06-01 08:19:08,Drapetsona Running Day#1524,4.00411,46.81666666666667,11.622501162250115,118.0,134.0,54.0,5.1316468494126015
2026-06-03 07:53:07,Drapetsona Running Day#1526,2.04645,19.516666666666666,9.52925481227368,125.0,143.0,28.0,6.29139197267293
2026-06-06 07:44:40,Drapetsona Running Day#1529,2.73143,27.733333333333334,10.150223304912709,130.0,153.0,45.0,5.90934375
2026-06-07 07:44:47,Drapetsona Running Day#1530,5.0163400000000005,54.36666666666667,10.78050884001725,127.0,145.0,80.0,5.53612017167382
2026-06-09 08:06:04,Drapetsona Running Day#1532,2.64648,28.916666666666668,10.964912280701753,127.0,142.0,44.0,5.491255331412104
2026-06-11 07:50:02,Drapetsona Running Day#1534,5.00408,53.7,10.704345964461572,134.0,153.0,97.0,5.591150837988827
2026-06-12 07:55:25,Drapetsona Running Day#1535,3.03804,32.68333333333333,10.738831615120274,125.0,137.0,45.0,5.577227944926058
2026-06-13 08:16:47,Drapetsona Running Day#1536,3.21808,34.333333333333336,10.663254425250587,122.0,146.0,44.0,5.623829126213591
2026-06-14 07:30:15,IntervalCoach - Aerobic Long Run,5.02316,55.93333333333333,11.125945705384957,127.0,143.0,81.0,5.388371871275328
2026-06-16 07:21:14,IntervalCoach - Progressive Threshold Build,5.00633,55.61666666666667,11.103708638685323,128.0,160.0,88.0,5.400895415043452
